SENTENCE	TOKEN	TAG
1	I	O
1	purchased	O
1	this	O
1	monitor	O
1	because	O
1	of	O
1	budgetary	O
1	concerns	O
1	.	O
2	This	O
2	item	O
2	was	O
2	the	O
2	most	O
2	inexpensive	B-aspect
2	17	O
2	inch	O
2	monitor	O
2	available	O
2	to	O
2	me	O
2	at	O
2	the	O
2	time	O
2	I	O
2	made	O
2	the	O
2	purchase	O
2	.	O
3	My	O
3	overall	O
3	experience	O
3	with	O
3	this	O
3	monitor	B-aspect
3	was	O
3	very	O
3	poor	O
3	.	O
4	When	O
4	the	O
4	screen	B-aspect
4	was	O
4	n't	O
4	contracting	O
4	or	O
4	glitching	O
4	the	O
4	overall	O
4	picture	B-aspect
4	quality	I-aspect
4	was	O
4	poor	O
4	to	O
4	fair	O
4	.	O
5	I	O
5	've	O
5	viewed	O
5	numerous	O
5	different	O
5	monitor	B-aspect
5	models	O
5	since	O
5	I	O
5	'm	O
5	a	O
5	college	O
5	student	O
5	and	O
5	this	O
5	particular	O
5	monitor	B-aspect
5	had	O
5	as	O
5	poor	O
5	of	O
5	picture	B-aspect
5	quality	I-aspect
5	as	O
5	any	O
5	I	O
5	've	O
5	seen	O
5	.	O
6	A	O
6	week	O
6	out	O
6	of	O
6	the	O
6	box	O
6	and	O
6	I	O
6	began	O
6	to	O
6	see	O
6	slight	O
6	contractions	O
6	of	O
6	the	O
6	screen	B-aspect
6	from	O
6	time	O
6	to	O
6	time	O
6	,	O
6	growing	O
6	more	O
6	frequent	O
6	each	O
6	day	O
6	.	O
7	Display	B-aspect
7	glitches	O
7	and	O
7	flashes	O
7	also	O
7	occurred	O
7	.	O
8	I	O
8	could	O
8	tell	O
8	this	O
8	was	O
8	a	O
8	``	O
8	cheap	O
8	''	O
8	monitor	B-aspect
8	as	O
8	soon	O
8	as	O
8	I	O
8	set	O
8	it	O
8	up	O
8	.	O
9	I	O
9	sent	O
9	it	O
9	back	O
9	and	O
9	now	O
9	will	O
9	search	O
9	for	O
9	a	O
9	better	O
9	quality	O
9	monitor	O
9	.	O
10	I	O
10	'd	O
10	stay	O
10	away	O
10	from	O
10	this	O
10	brand	O
10	,	O
10	that	O
10	is	O
10	,	O
10	if	O
10	you	O
10	ever	O
10	come	O
10	across	O
10	it	O
10	again	O
10	.	O
11	3G	O
11	Technologies	O
11	?	O
12	Searches	O
12	across	O
12	the	O
12	Net	O
12	come	O
12	up	O
12	empty	O
12	with	O
12	these	O
12	guys	O
12	.	O
13	Two	O
13	thumbs	O
13	down	O
13	.	O
14	I	O
14	used	O
14	this	O
14	monitor	B-aspect
14	for	O
14	2	O
14	years	O
14	and	O
14	now	O
14	it	O
14	shows	O
14	a	O
14	mixture	O
14	of	O
14	various	O
14	colors	B-aspect
14	and	O
14	de-focused	O
14	text	O
14	.	O
15	I	O
15	had	O
15	a	O
15	dell	O
15	latitude	O
15	netbook	O
15	that	O
15	I	O
15	had	O
15	to	O
15	return	O
15	.	O
16	I	O
16	really	O
16	liked	O
16	the	O
16	size	B-aspect
16	so	O
16	I	O
16	researched	O
16	what	O
16	to	O
16	buy	O
16	and	O
16	this	O
16	was	O
16	it	O
16	.	O
17	This	O
17	computer	B-aspect
17	has	O
17	an	O
17	excellent	O
17	screen	O
17	size	O
17	and	O
17	quality	B-aspect
17	-LRB-	O
17	for	O
17	a	O
17	netbook	O
17	-RRB-	O
17	.	O
18	It	O
18	is	O
18	bigger	O
18	than	O
18	the	O
18	dell	O
18	and	O
18	the	O
18	hp	O
18	mini	O
18	.	O
19	The	O
19	full	O
19	sized	O
19	keyboard	B-aspect
19	is	O
19	sweet	O
19	not	O
19	to	O
19	mention	O
19	the	O
19	aquamarine	O
19	color	B-aspect
19	.	O
20	That	O
20	is	O
20	surface	O
20	stuff	O
20	,	O
20	but	O
20	the	O
20	speed	B-aspect
20	and	O
20	memory	B-aspect
20	is	O
20	very	O
20	good	O
20	.	O
21	I	O
21	use	O
21	a	O
21	netbook	O
21	for	O
21	all	O
21	of	O
21	my	O
21	computing	O
21	with	O
21	the	O
21	exception	O
21	of	O
21	tax	O
21	programming	O
21	and	O
21	backup	O
21	.	O
22	This	O
22	really	O
22	is	O
22	a	O
22	laptop	B-aspect
22	in	O
22	a	O
22	small	O
22	form	B-aspect
22	.	O
23	I	O
23	can	O
23	use	O
23	several	O
23	programs	O
23	at	O
23	once	O
23	with	O
23	little	O
23	difficulty	O
23	.	O
24	The	O
24	windows	B-aspect
24	7	I-aspect
24	premium	I-aspect
24	is	O
24	good	O
24	-LRB-	O
24	do	O
24	n't	O
24	recommend	O
24	starter	O
24	-RRB-	O
24	and	O
24	user	O
24	friendly	O
24	.	O
25	I	O
25	can	O
25	write	O
25	reports	O
25	,	O
25	check	O
25	social	O
25	network	O
25	,	O
25	pictures	O
25	,	O
25	check	O
25	email	O
25	,	O
25	read	O
25	reviews	O
25	,	O
25	and	O
25	shop	O
25	at	O
25	the	O
25	same	O
25	time	O
25	.	O
26	It	O
26	is	O
26	slightly	O
26	slower	B-aspect
26	than	O
26	the	O
26	dell	O
26	,	O
26	but	O
26	it	O
26	is	O
26	hard	B-aspect
26	to	I-aspect
26	notice	O
26	with	O
26	the	O
26	very	O
26	nice	O
26	screen	B-aspect
26	quality	I-aspect
26	and	O
26	larger	O
26	hard	B-aspect
26	drive	I-aspect
26	.	O
27	The	O
27	larger	O
27	screen	B-aspect
27	has	O
27	allowed	O
27	me	O
27	to	O
27	put	O
27	all	O
27	my	O
27	photos	O
27	on	O
27	it	O
27	-LRB-	O
27	could	O
27	n't	O
27	on	O
27	the	O
27	dell	O
27	-RRB-	O
27	and	O
27	edit	O
27	them	O
27	.	O
28	This	O
28	has	O
28	turned	O
28	into	O
28	a	O
28	much	O
28	better	O
28	purchase	O
28	than	O
28	I	O
28	expected	O
28	and	O
28	it	O
28	is	O
28	very	O
28	light	O
28	.	O
29	Overall	O
29	a	O
29	sweet	O
29	machine	B-aspect
29	.	O
30	I	O
30	've	O
30	purchased	O
30	two	O
30	of	O
30	these	O
30	netbooks	O
30	,	O
30	one	O
30	for	O
30	myself	O
30	and	O
30	the	O
30	other	O
30	for	O
30	my	O
30	girlfriend	O
30	.	O
31	Sure	O
31	,	O
31	it	O
31	's	O
31	no	O
31	laptop	O
31	,	O
31	but	O
31	you	O
31	could	O
31	have	O
31	fooled	O
31	me	O
31	.	O
32	It	O
32	's	O
32	very	O
32	light-weight	B-aspect
32	,	O
32	which	O
32	is	O
32	why	O
32	I	O
32	use	O
32	this	O
32	more	O
32	than	O
32	my	O
32	Alienware	O
32	.	O
33	It	O
33	does	O
33	just	O
33	what	O
33	I	O
33	need	O
33	once	O
33	fully	O
33	configured	O
33	:	O
33	Add	O
33	4GB	O
33	of	O
33	ram	O
33	,	O
33	clean	O
33	out	O
33	pre-loaded	O
33	junkware	O
33	,	O
33	and	O
33	install	O
33	CCleaner	O
33	and	O
33	MS	O
33	Security	O
33	Essentials	O
33	.	O
34	Those	O
34	who	O
34	claim	O
34	that	O
34	this	O
34	netbook	O
34	falls	O
34	apart	O
34	need	O
34	to	O
34	stop	O
34	using	O
34	it	O
34	for	O
34	non-intended	O
34	uses	O
34	.	O
35	It	O
35	's	O
35	not	O
35	a	O
35	laptop	O
35	,	O
35	you	O
35	need	O
35	to	O
35	learn	O
35	its	O
35	limitations	O
35	-LRB-	O
35	no	O
35	Photoshop	O
35	or	O
35	power	O
35	apps	O
35	-RRB-	O
35	and	O
35	take	O
35	care	O
35	of	O
35	your	O
35	gear	O
35	.	O
36	Buy	O
36	a	O
36	neoprene	O
36	case	O
36	and	O
36	keep	O
36	it	O
36	protected	O
36	.	O
37	Most	O
37	people	O
37	who	O
37	have	O
37	device	O
37	failures	O
37	simply	O
37	push	O
37	their	O
37	gear	O
37	to	O
37	the	O
37	limits	O
37	and	O
37	then	O
37	when	O
37	it	O
37	fails	O
37	they	O
37	turn	O
37	around	O
37	and	O
37	cry	O
37	foul	O
37	on	O
37	the	O
37	manufacturer	O
37	.	O
38	It	O
38	's	O
38	just	O
38	such	O
38	a	O
38	nice	O
38	,	O
38	light-weight	B-aspect
38	,	O
38	non-intrusive	O
38	device	B-aspect
38	which	O
38	you	O
38	can	O
38	take	O
38	anywhere	O
38	.	O
39	I	O
39	'm	O
39	not	O
39	a	O
39	fan	O
39	of	O
39	tablet	O
39	computers	O
39	.	O
40	I	O
40	think	O
40	they	O
40	are	O
40	interesting	O
40	,	O
40	but	O
40	they	O
40	do	O
40	n't	O
40	serve	O
40	any	O
40	practical	O
40	uses	O
40	in	O
40	my	O
40	opinion	O
40	,	O
40	yet	O
40	.	O
41	At	O
41	least	O
41	from	O
41	a	O
41	work	O
41	standpoint	O
41	.	O
42	You	O
42	wo	O
42	n't	O
42	be	O
42	disappointed	O
42	with	O
42	this	O
42	netbook	O
42	,	O
42	and	O
42	just	O
42	encase	O
42	you	O
42	may	O
42	want	O
42	to	O
42	purchase	O
42	a	O
42	Squaretrade	O
42	warranty	O
42	.	O
43	5\/5	O
43	stars	O
43	.	O
44	I	O
44	really	O
44	love	O
44	this	O
44	netbook	B-aspect
44	.	O
45	Huh	O
45	?!?!?!?!	O
46	I	O
46	do	O
46	n't	O
46	get	O
46	all	O
46	the	O
46	negative	O
46	reviews	O
46	from	O
46	so	O
46	many	O
46	others	O
46	about	O
46	this	O
46	product	O
46	.	O
47	I	O
47	've	O
47	had	O
47	this	O
47	monitor	B-aspect
47	for	O
47	over	O
47	a	O
47	year	O
47	and	O
47	I	O
47	absolutely	O
47	LOVE	O
47	IT	O
47	!	O
48	Now	O
48	I	O
48	do	O
48	n't	O
48	know	O
48	what	O
48	kind	O
48	of	O
48	video	O
48	card	O
48	and	O
48	connection	O
48	others	O
48	are	O
48	using	O
48	but	O
48	I	O
48	am	O
48	using	O
48	an	O
48	ATI	O
48	9800	O
48	Pro	O
48	and	O
48	have	O
48	the	O
48	monitor	O
48	hooked	O
48	into	O
48	the	O
48	DVI	O
48	Digital	O
48	Output	O
48	instead	O
48	of	O
48	the	O
48	standard	O
48	VGA	O
48	which	O
48	is	O
48	analog	O
48	.	O
49	I	O
49	do	O
49	n't	O
49	think	O
49	that	O
49	really	O
49	matters	O
49	though	O
49	-	O
49	I	O
49	mean	O
49	hooked	O
49	my	O
49	Xbox	O
49	360	O
49	up	O
49	to	O
49	the	O
49	standard	O
49	VGA	O
49	port	O
49	a	O
49	little	O
49	while	O
49	ago	O
49	and	O
49	the	O
49	picture	B-aspect
49	was	O
49	awesome	O
49	.	O
50	I	O
50	'm	O
50	not	O
50	discounting	O
50	anyone	O
50	else	O
50	's	O
50	opinion	O
50	of	O
50	the	O
50	product	O
50	by	O
50	any	O
50	means	O
50	because	O
50	maybe	O
50	theirs	O
50	came	O
50	from	O
50	a	O
50	bad	O
50	batch	O
50	or	O
50	something	O
50	,	O
50	but	O
50	just	O
50	so	O
50	others	O
50	can	O
50	hear	O
50	a	O
50	positive	O
50	review	O
50	from	O
50	someone	O
50	that	O
50	has	O
50	been	O
50	very	O
50	happy	O
50	with	O
50	their	O
50	purchase	O
50	for	O
50	a	O
50	while	O
50	now	O
50	!	O
51	The	O
51	only	O
51	reason	O
51	I	O
51	did	O
51	n't	O
51	give	O
51	it	O
51	5	O
51	stars	O
51	is	O
51	because	O
51	the	O
51	speakers	B-aspect
51	on	O
51	the	O
51	monitor	B-aspect
51	are	O
51	a	O
51	little	O
51	weak	O
51	,	O
51	but	O
51	that	O
51	's	O
51	really	O
51	to	O
51	be	O
51	expected	O
51	is	O
51	n't	O
51	it	O
51	...	O
52	This	O
52	netbook	B-aspect
52	is	O
52	exactly	O
52	what	O
52	I	O
52	want	O
52	for	O
52	my	O
52	kids	O
52	.	O
53	If	O
53	I	O
53	buy	O
53	something	O
53	for	O
53	me	O
53	,	O
53	I	O
53	would	O
53	consider	O
53	to	O
53	buy	O
53	the	O
53	same	O
53	too	O
53	.	O
54	it	O
54	is	O
54	lighter	B-aspect
54	to	O
54	carry	O
54	around	O
54	and	O
54	it	O
54	has	O
54	enough	O
54	functionality	B-aspect
54	to	O
54	use	O
54	.	O
55	Great	O
55	replacement	O
55	at	O
55	great	O
55	price	B-aspect
55	for	O
55	an	O
55	older	O
55	bulky	O
55	and	O
55	heavy	O
55	monitor	O
55	.	O
56	Color	B-aspect
56	and	O
56	contrast	B-aspect
56	are	O
56	perfect	O
56	for	O
56	my	O
56	needs	O
56	.	O
57	Seems	O
57	like	O
57	a	O
57	good	O
57	product	B-aspect
57	.	O
58	The	O
58	only	O
58	problem	O
58	I	O
58	have	O
58	is	O
58	the	O
58	clicker	B-aspect
58	on	O
58	the	O
58	mouse	B-aspect
58	pad	I-aspect
58	is	O
58	stiff	O
58	.	O
59	Very	O
59	compact	O
59	and	O
59	easy	O
59	for	O
59	travel	O
59	.	O
60	Excellent	O
60	monitor	B-aspect
60	.	O
61	Clear	O
61	and	O
61	crispy	O
61	image	B-aspect
61	.	O
62	Very	O
62	,	O
62	very	O
62	satisfied	O
62	with	O
62	it	O
62	.	O
63	My	O
63	fiance	O
63	ordered	O
63	this	O
63	computer	B-aspect
63	,	O
63	she	O
63	's	O
63	a	O
63	teacher	O
63	so	O
63	she	O
63	needed	O
63	a	O
63	small	B-aspect
63	computer	B-aspect
63	that	O
63	would	O
63	keep	O
63	her	O
63	from	O
63	bringing	O
63	work	O
63	home	O
63	with	O
63	her	O
63	.	O
64	We	O
64	got	O
64	this	O
64	on	O
64	time	O
64	,	O
64	and	O
64	it	O
64	was	O
64	brand	O
64	new	O
64	,	O
64	perfect	O
64	condition	O
64	,	O
64	performance	B-aspect
64	as	O
64	can	O
64	be	O
64	expected	O
64	for	O
64	the	O
64	machine	O
64	specifications	O
64	,	O
64	keep	O
64	in	O
64	mind	O
64	I	O
64	'm	O
64	extremely	O
64	computer	O
64	savvy	O
64	,	O
64	so	O
64	my	O
64	opinion	O
64	comes	O
64	to	O
64	a	O
64	lot	O
64	of	O
64	people	O
64	.	O
65	I	O
65	highly	O
65	recommend	O
65	it	O
65	,	O
65	she	O
65	loves	O
65	it	O
65	and	O
65	we	O
65	're	O
65	both	O
65	very	O
65	happy	O
65	with	O
65	the	O
65	purchase	O
65	.	O
66	If	O
66	you	O
66	're	O
66	debating	O
66	getting	O
66	this	O
66	item	O
66	,	O
66	I	O
66	would	O
66	n't	O
66	hesitate	O
66	any	O
66	longer	O
66	.	O
67	I	O
67	'm	O
67	not	O
67	a	O
67	person	O
67	well	O
67	read	O
67	in	O
67	technology	O
67	but	O
67	this	O
67	is	O
67	just	O
67	an	O
67	absolutely	O
67	wonderful	O
67	computer	B-aspect
67	.	O
68	I	O
68	've	O
68	been	O
68	playing	O
68	Minecraft	O
68	on	O
68	it	O
68	and	O
68	multi	O
68	tasking	O
68	at	O
68	the	O
68	same	O
68	time	O
68	,	O
68	and	O
68	while	O
68	it	O
68	does	O
68	run	B-aspect
68	slower	O
68	while	O
68	multi-tasking	O
68	,	O
68	the	O
68	gaming	O
68	experience	O
68	is	O
68	not	O
68	compromised	O
68	for	O
68	me	O
68	.	O
69	The	O
69	keyboard	B-aspect
69	is	O
69	also	O
69	very	O
69	nice	O
69	and	O
69	quite	O
69	comfortable-although	O
69	it	O
69	does	O
69	take	O
69	some	O
69	getting	O
69	used	O
69	to	O
69	.	O
70	I	O
70	do	O
70	n't	O
70	want	O
70	to	O
70	be	O
70	a	O
70	sensationalist	O
70	but	O
70	this	O
70	computer	B-aspect
70	is	O
70	incredible	O
70	.	O
71	If	O
71	you	O
71	have	O
71	netbook	B-aspect
71	expectations	O
71	you	O
71	will	O
71	be	O
71	pleasantly	O
71	surprised	O
71	by	O
71	how	O
71	well	O
71	this	O
71	baby	O
71	runs	O
71	.	O
72	If	O
72	you	O
72	have	O
72	notebook	O
72	expectations	O
72	you	O
72	will	O
72	feel	O
72	``	O
72	meh	O
72	''	O
72	towards	O
72	it	O
72	because	O
72	it	O
72	runs	O
72	like	O
72	a	O
72	low-grade	O
72	to	O
72	medium-grade	O
72	notebook	O
72	.	O
73	Pros	O
73	:	O
73	The	O
73	capabilities	O
73	for	O
73	size	O
73	and	O
73	price	O
73	The	O
73	keyboard	O
73	size	O
73	Windows	O
73	Premium	O
73	The	O
73	look	O
73	Cons	O
73	:	O
73	Be	O
73	aware	O
73	that	O
73	the	O
73	finish	O
73	does	O
73	smudge	O
73	and	O
73	gets	O
73	finger	O
73	printy	O
73	,	O
73	but	O
73	all	O
73	polished	O
73	,	O
73	it	O
73	looks	O
73	incredible	O
73	Screen	O
73	size	O
73	-LRB-	O
73	but	O
73	its	O
73	a	O
73	netbook	O
73	,	O
73	duh	O
73	!	O
73	-RRB-	O
74	Slow	O
74	to	O
74	download	B-aspect
74	and	O
74	run	B-aspect
74	certain	O
74	programs	O
74	Wish	O
74	you	O
74	the	O
74	best	O
74	and	O
74	hope	O
74	my	O
74	review	O
74	helped	O
74	!	O
75	Doing	O
75	business	O
75	with	O
75	Amazon	O
75	is	O
75	pleasant	O
75	.	O
76	We	O
76	count	O
76	on	O
76	good	O
76	products	B-aspect
76	at	O
76	a	O
76	good	O
76	price	B-aspect
76	.	O
77	Our	O
77	purchase	O
77	of	O
77	an	O
77	Acer	B-aspect
77	Monitor	I-aspect
77	was	O
77	just	O
77	as	O
77	we	O
77	expected	O
77	.	O
78	No	O
78	surprises	O
78	.	O
79	Received	O
79	this	O
79	item	O
79	within	O
79	a	O
79	few	O
79	days	O
79	of	O
79	ordering	O
79	.	O
80	Easy	O
80	to	O
80	hook	B-aspect
80	up	I-aspect
80	.	O
81	Great	O
81	picture	B-aspect
81	.	O
82	I	O
82	am	O
82	very	O
82	happy	O
82	with	O
82	this	O
82	monitor	B-aspect
82	.	O
83	I	O
83	had	O
83	been	O
83	thinking	O
83	a	O
83	lot	O
83	about	O
83	changing	O
83	my	O
83	CRT	O
83	montior	O
83	to	O
83	LCD	O
83	monitor	O
83	.	O
84	I	O
84	was	O
84	waiting	O
84	for	O
84	lower	O
84	pricess	O
84	,	O
84	faster	O
84	respons	O
84	time	O
84	&	O
84	wide	O
84	screen	O
84	monitor	O
84	.	O
85	I	O
85	was	O
85	keeping	O
85	my	O
85	eye	O
85	on	O
85	Samsung	O
85	,	O
85	Benq	O
85	&	O
85	Acer	O
85	.	O
86	Last	O
86	week	O
86	,	O
86	I	O
86	visited	O
86	JAREER	O
86	Bookstoor	O
86	in	O
86	Riyadh	O
86	-LRB-	O
86	Saudi	O
86	Arabia	O
86	-RRB-	O
86	I	O
86	found	O
86	this	O
86	LCD	O
86	.	O
87	It	O
87	really	O
87	impressed	O
87	me	O
87	with	O
87	the	O
87	disign	B-aspect
87	,	O
87	the	O
87	specs	O
87	&	O
87	the	O
87	price	B-aspect
87	.	O
88	So	O
88	,	O
88	I	O
88	could	O
88	not	O
88	wait	O
88	anylonger	O
88	&	O
88	I	O
88	got	O
88	it	O
88	.	O
89	I	O
89	will	O
89	provide	O
89	my	O
89	comments	O
89	about	O
89	the	O
89	disadvantages	O
89	only	O
89	because	O
89	the	O
89	advantages	O
89	you	O
89	may	O
89	get	O
89	it	O
89	from	O
89	the	O
89	product	O
89	specs	O
89	.	O
90	My	O
90	comments	O
90	are	O
90	as	O
90	follow	O
90	:	O
90	1	O
90	-	O
90	Does	O
90	n't	O
90	have	O
90	direct	B-aspect
90	Elictrical	I-aspect
90	connectivity	I-aspect
90	-LRB-	O
90	you	O
90	need	O
90	Adapter	O
90	which	O
90	is	O
90	comming	O
90	with	O
90	the	O
90	package	O
90	-RRB-	O
90	2	O
90	-	O
90	It	O
90	is	O
90	really	O
90	very	O
90	difficult	O
90	to	O
90	connect	B-aspect
90	the	O
90	the	O
90	power	O
90	Cable	O
90	&	O
90	the	O
90	regular	O
90	-LRB-	O
90	VGA	O
90	-RRB-	O
90	PC	O
90	connection	O
90	.	O
91	3	O
91	-	O
91	Not	O
91	perfect	O
91	quality	B-aspect
91	of	I-aspect
91	picture	I-aspect
91	if	O
91	you	O
91	use	O
91	the	O
91	VGA	B-aspect
91	Connection	I-aspect
91	while	O
91	the	O
91	DVI	B-aspect
91	Connection	I-aspect
91	is	O
91	perfect	O
91	.	O
92	4	O
92	-	O
92	No	O
92	flixpility	O
92	to	O
92	turn	O
92	the	O
92	monitor	O
92	right	O
92	or	O
92	left	O
92	because	O
92	it	O
92	is	O
92	fixed	O
92	.	O
93	5	O
93	-	O
93	hight	O
93	can	O
93	not	O
93	be	O
93	adjusted	O
93	.	O
94	Some	O
94	of	O
94	you	O
94	may	O
94	ask	O
94	how	O
94	did	O
94	I	O
94	gave	O
94	4\/5	O
94	while	O
94	having	O
94	the	O
94	mentioned	O
94	disadvantages	O
94	.	O
95	Then	O
95	I	O
95	would	O
95	say	O
95	that	O
95	this	O
95	LCD	B-aspect
95	monitor	I-aspect
95	have	O
95	many	O
95	feature	O
95	in	O
95	one	O
95	piece	O
95	.	O
96	It	O
96	has	O
96	TV	O
96	tuner	O
96	,	O
96	Composite	O
96	inputs	O
96	,	O
96	DVI	O
96	Input	O
96	,	O
96	SCART	O
96	Input	O
96	,	O
96	Nice	O
96	Speekers	O
96	.	O
97	In	O
97	addition	O
97	,	O
97	it	O
97	comes	O
97	with	O
97	a	O
97	remote	B-aspect
97	control	I-aspect
97	.	O
98	The	O
98	screen	B-aspect
98	quality	I-aspect
98	is	O
98	very	O
98	high	O
98	&	O
98	the	O
98	side	B-aspect
98	view	I-aspect
98	is	O
98	very	O
98	sharp	O
98	&	O
98	clear	O
98	.	O
99	In	O
99	conclusion	O
99	this	O
99	master	O
99	piece	O
99	has	O
99	every	O
99	thing	O
99	you	O
99	need	O
99	.	O
100	One	O
100	last	O
100	note	O
100	,	O
100	I	O
100	purchased	O
100	this	O
100	monitor	O
100	with	O
100	a	O
100	higher	O
100	price	B-aspect
100	than	O
100	what	O
100	you	O
100	can	O
100	get	O
100	in	O
100	the	O
100	states	O
100	.	O
101	It	O
101	costs	O
101	me	O
101	about	O
101	640	O
101	$	O
101	so	O
101	you	O
101	should	O
101	be	O
101	gratefull	O
101	that	O
101	the	O
101	pricess	B-aspect
101	in	O
101	the	O
101	states	O
101	much	O
101	lower	O
101	.	O
102	Regards	O
102	,	O
102	Abdulrahman	O
102	Saudi	O
102	Arabia	O
102	-	O
102	Riyadh	O
103	Everything	O
103	on	O
103	this	O
103	unit	O
103	seems	O
103	fine	O
103	so	O
103	far	O
103	except	O
103	for	O
103	one	O
103	item	O
103	.	O
104	Almost	O
104	all	O
104	new	O
104	video	O
104	cards	O
104	have	O
104	DVI	O
104	only	O
104	connection	O
104	.	O
105	This	O
105	means	O
105	that	O
105	the	O
105	vga	B-aspect
105	connection	I-aspect
105	will	O
105	not	O
105	work	O
105	with	O
105	my	O
105	computers	O
105	.	O
106	I	O
106	will	O
106	have	O
106	to	O
106	find	O
106	an	O
106	adapter	O
106	of	O
106	some	O
106	sort	O
106	which	O
106	is	O
106	a	O
106	pain	O
106	as	O
106	a	O
106	cable	O
106	should	O
106	be	O
106	sent	O
106	with	O
106	the	O
106	unit	O
106	in	O
106	my	O
106	honest	O
106	opinin	O
106	.	O
107	I	O
107	use	O
107	a	O
107	dual	O
107	monitor	O
107	workstation	O
107	-LRB-	O
107	normally	O
107	both	O
107	24	O
107	''	O
107	-RRB-	O
107	for	O
107	web	O
107	development	O
107	and	O
107	video	O
107	production	O
107	.	O
108	One	O
108	of	O
108	my	O
108	monitors	O
108	recently	O
108	went	O
108	south	O
108	-LRB-	O
108	quit	O
108	working	O
108	-RRB-	O
108	,	O
108	and	O
108	I	O
108	went	O
108	looking	O
108	for	O
108	a	O
108	replacement	O
108	.	O
109	Though	O
109	this	O
109	monitor	O
109	is	O
109	only	O
109	a	O
109	23	O
109	''	O
109	,	O
109	the	O
109	reviews	O
109	were	O
109	good	O
109	and	O
109	I	O
109	've	O
109	always	O
109	had	O
109	good	O
109	luck	O
109	with	O
109	Acer	O
109	products	O
109	.	O
110	I	O
110	'm	O
110	glad	O
110	I	O
110	went	O
110	with	O
110	it	O
110	,	O
110	it	O
110	actually	O
110	exceeds	O
110	my	O
110	ViewSonic	O
110	for	O
110	color	B-aspect
110	,	O
110	brightness	B-aspect
110	,	O
110	and	O
110	pixel	B-aspect
110	quality	I-aspect
110	.	O
111	In	O
111	fact	O
111	,	O
111	my	O
111	24	O
111	''	O
111	Viewsonic	O
111	has	O
111	now	O
111	been	O
111	moved	O
111	to	O
111	second	O
111	monitor	O
111	position	O
111	and	O
111	this	O
111	Acer	O
111	is	O
111	now	O
111	the	O
111	primary	O
111	.	O
112	Though	O
112	it	O
112	does	O
112	n't	O
112	have	O
112	quite	O
112	the	O
112	screen	O
112	real	O
112	estate	O
112	,	O
112	it	O
112	's	O
112	an	O
112	excellent	O
112	monitor	B-aspect
112	and	O
112	crystal	O
112	clear	O
112	at	O
112	a	O
112	resolution	B-aspect
112	of	O
112	1920x1080	O
112	.	O
113	Very	O
113	happy	O
113	with	O
113	the	O
113	monitor	B-aspect
113	and	O
113	the	O
113	price	B-aspect
113	...	O
114	I	O
114	have	O
114	this	O
114	monitor	B-aspect
114	for	O
114	a	O
114	month	O
114	now	O
114	and	O
114	I	O
114	'm	O
114	very	O
114	pleased	O
114	with	O
114	it	O
114	.	O
115	I	O
115	have	O
115	it	O
115	at	O
115	my	O
115	home	O
115	office	O
115	and	O
115	we	O
115	sometimes	O
115	watch	O
115	movies	O
115	on	O
115	it	O
115	.	O
116	My	O
116	wife	O
116	is	O
116	even	O
116	more	O
116	pleased	O
116	due	O
116	to	O
116	its	O
116	widescreen	B-aspect
116	.	O
117	The	O
117	colors	B-aspect
117	are	O
117	clear	O
117	,	O
117	also	O
117	.	O
118	I	O
118	purchased	O
118	this	O
118	monitor	O
118	after	O
118	shopping	O
118	around	O
118	for	O
118	a	O
118	good	O
118	deal	O
118	on	O
118	a	O
118	19	O
118	''	O
118	LCD	O
118	.	O
119	What	O
119	a	O
119	mistake	O
119	.	O
120	The	O
120	backlight	B-aspect
120	will	O
120	periodically	O
120	fail	O
120	,	O
120	the	O
120	first	O
120	time	O
120	it	O
120	happened	O
120	I	O
120	sent	O
120	it	O
120	in	O
120	for	O
120	warranty	O
120	repair	O
120	.	O
121	It	O
121	came	O
121	back	O
121	working	O
121	,	O
121	and	O
121	I	O
121	was	O
121	momentarily	O
121	glad	O
121	that	O
121	the	O
121	rumors	O
121	I	O
121	'd	O
121	heard	O
121	about	O
121	Acer	B-aspect
121	tech	I-aspect
121	support	I-aspect
121	did	O
121	n't	O
121	turn	O
121	out	O
121	to	O
121	be	O
121	true	O
121	in	O
121	my	O
121	case	O
121	.	O
122	The	O
122	second	O
122	time	O
122	it	O
122	happened	O
122	I	O
122	got	O
122	suspicious	O
122	.	O
123	I	O
123	wanted	O
123	to	O
123	call	O
123	acer	O
123	tech	O
123	support	O
123	and	O
123	talk	O
123	to	O
123	someone	O
123	.	O
124	I	O
124	managed	O
124	to	O
124	find	O
124	their	O
124	mysterious	O
124	phone	O
124	number	O
124	from	O
124	a	O
124	google	O
124	cache	O
124	and	O
124	called	O
124	them	O
124	.	O
125	It	O
125	turns	O
125	out	O
125	they	O
125	did	O
125	n't	O
125	DO	O
125	anything	O
125	when	O
125	they	O
125	received	O
125	it	O
125	.	O
126	They	O
126	opened	O
126	it	O
126	up	O
126	,	O
126	turned	O
126	it	O
126	on	O
126	,	O
126	and	O
126	it	O
126	worked	O
126	so	O
126	they	O
126	sent	O
126	it	O
126	back	O
126	.	O
127	Of	O
127	course	O
127	,	O
127	they	O
127	do	O
127	n't	O
127	tell	O
127	you	O
127	they	O
127	did	O
127	nothing	O
127	.	O
128	Acer	B-aspect
128	has	O
128	been	O
128	awful	O
128	to	O
128	deal	O
128	with	O
128	,	O
128	they	O
128	treat	O
128	their	O
128	customers	O
128	like	O
128	rubbish	O
128	,	O
128	and	O
128	have	O
128	a	O
128	miserable	O
128	repair	O
128	facility	O
128	to	O
128	match	O
128	their	O
128	products	O
128	.	O
129	Do	O
129	n't	O
129	buy	O
129	this	O
129	monitor	B-aspect
129	!	O
130	Now	O
130	when	O
130	the	O
130	backlight	B-aspect
130	fails	O
130	,	O
130	I	O
130	have	O
130	to	O
130	leave	O
130	it	O
130	unplugged	O
130	overnight	O
130	and	O
130	it	O
130	works	O
130	the	O
130	next	O
130	day	O
130	.	O
131	Acer	O
131	will	O
131	not	O
131	replace	O
131	it	O
131	because	O
131	the	O
131	problem	O
131	does	O
131	n't	O
131	occur	O
131	when	O
131	they	O
131	have	O
131	it	O
131	.	O
132	worldwide	O
132	distributor	O
132	was	O
132	the	O
132	worst	O
132	buying	O
132	experience	O
132	in	O
132	my	O
132	life	O
132	,	O
132	since	O
132	i	O
132	started	O
132	to	O
132	shop	O
132	online	O
132	.	O
133	never	O
133	ever	O
133	.	O
134	i	O
134	'm	O
134	regular	O
134	online	O
134	shopper	O
134	,	O
134	i	O
134	never	O
134	had	O
134	this	O
134	bad	O
134	experience	O
134	in	O
134	my	O
134	life	O
134	,	O
134	this	O
134	bring	O
134	Question	O
134	.	O
135	I	O
135	really	O
135	enjoy	O
135	this	O
135	product	B-aspect
135	.	O
136	I	O
136	was	O
136	looking	O
136	for	O
136	portability	B-aspect
136	and	O
136	good	O
136	battery	B-aspect
136	life	I-aspect
136	and	O
136	this	O
136	product	O
136	delivers	O
136	both	O
136	.	O
137	I	O
137	felt	O
137	the	O
137	system	B-aspect
137	was	O
137	slow	B-aspect
137	so	O
137	I	O
137	purchased	O
137	a	O
137	4gb	O
137	ram	O
137	from	O
137	crucell	O
137	and	O
137	replaced	O
137	the	O
137	standard	O
137	2gb	O
137	that	O
137	came	O
137	with	O
137	the	O
137	system	B-aspect
137	.	O
138	I	O
138	seem	O
138	to	O
138	be	O
138	getting	O
138	5	O
138	to	O
138	6	O
138	hours	O
138	on	O
138	the	O
138	battery	B-aspect
138	which	O
138	is	O
138	sufficient	O
138	for	O
138	my	O
138	needs	O
138	.	O
139	Since	O
139	I	O
139	've	O
139	only	O
139	had	O
139	the	O
139	computer	O
139	for	O
139	a	O
139	few	O
139	weeks	O
139	I	O
139	'll	O
139	report	O
139	later	O
139	on	O
139	my	O
139	further	O
139	experience	O
139	with	O
139	the	O
139	system	O
139	<aï¿½href="http://www.amazon.com/gp/product/B001KB21KA/ref=cm_cr_asin_lnk/192-0570718-7655811">	O
139	Crucial	O
139	Technology	O
139	CT51264BC1067	O
139	4	O
139	GB	O
139	204-pin	O
139	SODIMM	O
139	DDR3	O
139	PC3-8500	O
139	CL	O
139	=	O
139	7	O
139	Unbuffered	O
139	NON-ECC	O
139	DDR3-1066	O
139	1.5	O
139	V	O
139	512Meg	O
139	x	O
139	64	O
139	Memory	O
139	</a>	O
140	Just	O
140	walk	O
140	away	O
140	.	O
141	I	O
141	do	O
141	n't	O
141	think	O
141	Acer	O
141	brand	O
141	is	O
141	ready	O
141	for	O
141	the	O
141	USA	O
141	.	O
142	Someday	O
142	,	O
142	your	O
142	going	O
142	to	O
142	need	O
142	support	O
142	,	O
142	and	O
142	Acer	O
142	's	O
142	technical	B-aspect
142	support	I-aspect
142	department	O
142	is	O
142	the	O
142	next	O
142	to	O
142	worthless	O
142	.	O
143	So	O
143	,	O
143	my	O
143	opinion	O
143	is	O
143	to	O
143	shop	O
143	elsewhere	O
143	.	O
144	I	O
144	got	O
144	this	O
144	product	O
144	yesterday	O
144	...	O
144	!!!	O
145	This	O
145	netbook	B-aspect
145	is	O
145	very	O
145	light	B-aspect
145	but	O
145	still	O
145	powerful	O
145	.	O
146	Screen	B-aspect
146	brightness	I-aspect
146	is	O
146	really	O
146	good	O
146	.	O
147	Sound	B-aspect
147	is	O
147	also	O
147	nice	O
147	as	O
147	compared	O
147	to	O
147	its	O
147	size	B-aspect
147	.	O
148	This	O
148	netbook	B-aspect
148	is	O
148	closer	O
148	to	O
148	the	O
148	notebook	O
148	powers	O
148	but	O
148	still	O
148	very	O
148	cheap	B-aspect
148	.	O
149	Portables	O
149	are	O
149	fragile	O
149	machines	O
149	that	O
149	need	O
149	extra	O
149	care	O
149	.	O
150	If	O
150	you	O
150	spend	O
150	a	O
150	lot	O
150	of	O
150	money	O
150	on	O
150	a	O
150	Mac	O
150	Book	O
150	Pro	O
150	spend	O
150	these	O
150	extra	O
150	few	O
150	hundred	O
150	too	O
150	if	O
150	you	O
150	prefer	O
150	a	O
150	relaxed	O
150	life	O
150	.	O
151	I	O
151	was	O
151	planning	O
151	to	O
151	buy	O
151	a	O
151	kindle	O
151	fire	O
151	on	O
151	amazon	O
151	but	O
151	just	O
151	got	O
151	this	O
151	little	O
151	thing	O
151	packed	O
151	with	O
151	320	O
151	GB	O
151	HD	O
151	,	O
151	Win	O
151	7	O
151	Home	O
151	Premium	O
151	,	O
151	webcam	O
151	,	O
151	office	O
151	starter	O
151	etc	O
151	etc.	O
151	.	O
152	Then	O
152	I	O
152	decided	O
152	to	O
152	invest	O
152	few	O
152	more	O
152	bucks	O
152	and	O
152	went	O
152	for	O
152	this	O
152	netbook	O
152	.	O
153	I	O
153	do	O
153	n't	O
153	know	O
153	why	O
153	people	O
153	buy	O
153	expensive	O
153	gadgets	O
153	like	O
153	ipad2	O
153	3G	O
153	...	O
153	very	O
153	satisfied	O
153	and	O
153	I	O
153	think	O
153	I	O
153	made	O
153	very	O
153	good	O
153	decision	O
153	.	O
154	Pros	O
154	:	O
154	Competitive	O
154	Cost	O
154	Win	O
154	7	O
154	Home	O
154	premium	O
154	HDMI	O
154	port	O
154	-LRB-	O
154	I	O
154	could	O
154	watch	O
154	the	O
154	Amazon	O
154	instant	O
154	videos	O
154	on	O
154	my	O
154	HDTV	O
154	and	O
154	its	O
154	delivering	B-aspect
154	great	O
154	.	O
155	I	O
155	am	O
155	so	O
155	happy	O
155	that	O
155	I	O
155	was	O
155	clever	O
155	enough	O
155	to	O
155	take	O
155	out	O
155	Apple	O
155	Care	O
155	as	O
155	it	O
155	saved	O
155	me	O
155	buying	O
155	a	O
155	new	O
155	computer	O
155	and	O
155	a	O
155	lot	O
155	of	O
155	stress	O
155	.	O
156	Just	O
156	the	O
156	other	O
156	day	O
156	Apple	O
156	replaced	O
156	my	O
156	computer	O
156	that	O
156	was	O
156	18	O
156	months	O
156	old	O
156	due	O
156	to	O
156	hassle	O
156	that	O
156	occured	O
156	in	O
156	the	O
156	past	O
156	three	O
156	months	O
156	.	O
157	Office	B-aspect
157	Starter	I-aspect
157	Web	I-aspect
157	Cam	I-aspect
157	is	O
157	also	O
157	fairly	O
157	good	O
157	Light	O
157	in	O
157	weight	B-aspect
157	and	O
157	elegant	O
157	Cons	O
157	:	O
157	I	O
157	wo	O
157	n't	O
157	say	O
157	anything	O
157	bad	O
157	as	O
157	you	O
157	are	O
157	just	O
157	paying	O
157	280	O
157	for	O
157	this	O
157	net	O
157	book	O
157	.	O
158	I	O
158	would	O
158	imagine	O
158	the	O
158	cost	O
158	will	O
158	go	O
158	upto	O
158	200	O
158	bucks	O
158	one	O
158	day	O
158	and	O
158	then	O
158	it	O
158	will	O
158	be	O
158	unbeatable	O
158	deal	O
158	.	O
159	Nice	O
159	monitor	B-aspect
159	for	O
159	price	B-aspect
159	but	O
159	I	O
159	agree	O
159	with	O
159	other	O
159	customer	O
159	review	O
159	about	O
159	difficulty	O
159	of	O
159	cable	B-aspect
159	hook	I-aspect
159	ups	I-aspect
159	.	O
160	Would	O
160	like	O
160	to	O
160	know	O
160	what	O
160	the	O
160	DVI	O
160	cable	O
160	is	O
160	used	O
160	for	O
160	.	O
161	I	O
161	love	O
161	this	O
161	monitor	B-aspect
161	.	O
162	Great	O
162	color	B-aspect
162	display	I-aspect
162	,	O
162	sharp	O
162	picture	B-aspect
162	,	O
162	and	O
162	just	O
162	the	O
162	right	O
162	size	B-aspect
162	for	O
162	my	O
162	desk	O
162	.	O
163	Fits	B-aspect
163	perfectly	O
163	in	O
163	the	O
163	corner	O
163	of	O
163	my	O
163	small	O
163	desk	O
163	!!	O
164	I	O
164	bought	O
164	this	O
164	monitor	O
164	as	O
164	an	O
164	addition	O
164	to	O
164	my	O
164	existing	O
164	desktop	O
164	monitor	O
164	.	O
165	The	O
165	images	B-aspect
165	are	O
165	vivid	O
165	and	O
165	crisp	O
165	,	O
165	the	O
165	text	B-aspect
165	and	O
165	fonts	B-aspect
165	are	O
165	very	O
165	clear	O
165	.	O
166	Absolutely	O
166	love	O
166	it	O
166	and	O
166	cant	O
166	beat	O
166	the	O
166	price	B-aspect
166	!	O
167	This	O
167	monitor	B-aspect
167	works	O
167	great	O
167	.	O
168	Easy	O
168	to	O
168	set	B-aspect
168	up	I-aspect
168	,	O
168	no	O
168	bad	O
168	pixels	B-aspect
168	,	O
168	great	O
168	price	B-aspect
168	for	O
168	19	O
168	LCD	B-aspect
168	monitor	I-aspect
168	!	O
169	This	O
169	is	O
169	our	O
169	second	O
169	Acer	O
169	LCD	O
169	monitor	O
169	.	O
170	Both	O
170	are	O
170	absolutely	O
170	great	O
170	items	B-aspect
170	.	O
171	Seems	O
171	as	O
171	though	O
171	when	O
171	Acer	O
171	started	O
171	out	O
171	they	O
171	seemed	O
171	a	O
171	bit	O
171	on	O
171	the	O
171	po-dank	O
171	side	O
171	of	O
171	the	O
171	computer	O
171	industry	O
171	.	O
172	No	O
172	more	O
172	!	O
173	All	O
173	the	O
173	latest	O
173	Acer	B-aspect
173	stuff	I-aspect
173	is	O
173	top	O
173	notch	O
173	!	O
174	The	O
174	Acer	B-aspect
174	Monitor	I-aspect
174	has	O
174	an	O
174	extremely	O
174	bright	O
174	screen	B-aspect
174	and	O
174	its	O
174	design	B-aspect
174	allows	O
174	the	O
174	placement	O
174	in	O
174	an	O
174	area	O
174	-LRB-	O
174	from	O
174	a	O
174	heighth	O
174	perspective	O
174	-RRB-	O
174	that	O
174	many	O
174	20	O
174	''	O
174	screens	O
174	will	O
174	not	O
174	fit	O
174	in	O
174	.	O
175	Compared	O
175	to	O
175	the	O
175	19	O
175	''	O
175	Dell	O
175	Monitor	O
175	this	O
175	replaced	O
175	it	O
175	is	O
175	far	O
175	brighter	B-aspect
175	and	O
175	weighs	B-aspect
175	much	O
175	less	O
175	.	O
176	Very	O
176	easy	O
176	to	O
176	set	B-aspect
176	up	I-aspect
176	.	O
177	Highly	O
177	recommend	O
177	this	O
177	monitor	B-aspect
177	-	O
177	hard	O
177	to	O
177	beat	O
177	at	O
177	this	O
177	price	B-aspect
177	point	O
177	.	O
178	I	O
178	purchased	O
178	three	O
178	of	O
178	these	O
178	Acer	O
178	19	O
178	''	O
178	at	O
178	very	O
178	good	O
178	rates	O
178	from	O
178	Amazon	O
178	...	O
178	we	O
178	are	O
178	extremely	O
178	pleased	O
178	with	O
178	the	O
178	clarity	B-aspect
178	and	O
178	sharpness	B-aspect
178	.	O
179	Flying	O
179	first	O
179	class	O
179	at	O
179	tourist	O
179	rates	O
179	.	O
180	Ken	O
180	Monzingo	O
181	WOW	O
181	!!!!	O
182	This	O
182	sleek	B-aspect
182	looking	O
182	monitor	B-aspect
182	is	O
182	absolutely	O
182	awesome	O
182	!!	O
183	Everything	O
183	appears	O
183	larger	O
183	than	O
183	life	O
183	!!!	O
184	This	O
184	Wonderful	O
184	product	B-aspect
184	was	O
184	easy	O
184	to	O
184	unbox	B-aspect
184	and	O
184	install	B-aspect
184	!!	O
185	Thuumbs	O
185	up	O
185	to	O
185	ACER	B-aspect
185	widescreen	I-aspect
185	ULTRA	B-aspect
185	Slim	I-aspect
185	monitor	I-aspect
185	.	O
186	We	O
186	use	O
186	these	O
186	monitors	O
186	in	O
186	the	O
186	office	O
186	.	O
187	Well	O
187	,	O
187	other	O
187	people	O
187	do	O
187	-	O
187	I	O
187	use	O
187	a	O
187	Dell	O
187	20	O
187	''	O
187	LCD	O
187	.	O
188	First	O
188	gripe	O
188	:	O
188	I	O
188	set	O
188	up	O
188	a	O
188	lot	O
188	of	O
188	these	O
188	puppies	O
188	,	O
188	and	O
188	the	O
188	video	B-aspect
188	cable	I-aspect
188	does	O
188	n't	O
188	always	O
188	fit	B-aspect
188	into	I-aspect
188	the	I-aspect
188	socket	I-aspect
188	on	O
188	the	O
188	underside	O
188	of	O
188	the	O
188	monitor	O
188	.	O
189	It	O
189	's	O
189	because	O
189	of	O
189	the	O
189	way	O
189	the	O
189	port	O
189	lines	O
189	up	O
189	-LRB-	O
189	or	O
189	does	O
189	n't	O
189	-RRB-	O
189	with	O
189	the	O
189	plastic	O
189	of	O
189	the	O
189	case	O
189	.	O
190	To	O
190	get	O
190	the	O
190	cables	O
190	in	O
190	,	O
190	I	O
190	had	O
190	to	O
190	nick	O
190	bits	O
190	of	O
190	the	O
190	plastic	O
190	casing	O
190	on	O
190	the	O
190	end	O
190	of	O
190	the	O
190	cable	O
190	-LRB-	O
190	and	O
190	these	O
190	are	O
190	the	O
190	cables	O
190	that	O
190	ship	O
190	in	O
190	the	O
190	box	O
190	with	O
190	the	O
190	monitors	O
190	!	O
190	-RRB-	O
191	Other	O
191	then	O
191	that	O
191	it	O
191	is	O
191	a	O
191	fantastic	O
191	display	B-aspect
191	for	O
191	the	O
191	price	B-aspect
191	.	O
192	Second	O
192	gripe	O
192	:	O
192	In	O
192	the	O
192	6	O
192	or	O
192	so	O
192	months	O
192	since	O
192	we	O
192	purchased	O
192	our	O
192	batch	O
192	of	O
192	30-40	O
192	of	O
192	these	O
192	monitors	B-aspect
192	,	O
192	2	O
192	have	O
192	already	O
192	been	O
192	returned	O
192	for	O
192	repair	O
192	or	O
192	replacement	O
192	.	O
193	That	O
193	's	O
193	at	O
193	least	O
193	a	O
193	5	O
193	%	O
193	failure	O
193	rate	O
193	.	O
194	Not	O
194	good	O
194	.	O
195	Third	O
195	gripe	O
195	:	O
195	These	O
195	monitors	B-aspect
195	can	O
195	suffer	O
195	from	O
195	the	O
195	LCD	O
195	equivalent	O
195	of	O
195	screen	O
195	burn	O
195	-	O
195	``	O
195	image	O
195	persistence	O
195	''	O
195	if	O
195	you	O
195	like	O
195	.	O
196	If	O
196	you	O
196	leave	O
196	an	O
196	image	O
196	on	O
196	the	O
196	screen	O
196	long	O
196	enough	O
196	,	O
196	a	O
196	ghost	O
196	of	O
196	that	O
196	image	O
196	will	O
196	persist	O
196	into	O
196	the	O
196	LCD	O
196	even	O
196	after	O
196	you	O
196	switch	O
196	the	O
196	monitor	O
196	off	O
196	and	O
196	on	O
196	again	O
196	.	O
197	The	O
197	image	O
197	\*	O
197	will	O
197	\*	O
197	go	O
197	away	O
197	if	O
197	you	O
197	either	O
197	leave	O
197	the	O
197	monitor	O
197	off	O
197	for	O
197	a	O
197	while	O
197	or	O
197	leave	O
197	a	O
197	white	O
197	area	O
197	of	O
197	a	O
197	window	O
197	under	O
197	that	O
197	part	O
197	of	O
197	the	O
197	screen	O
197	-	O
197	but	O
197	it	O
197	takes	O
197	time	O
197	.	O
198	I	O
198	'm	O
198	happy	O
198	with	O
198	my	O
198	Dell	O
198	.	O
199	I	O
199	have	O
199	n't	O
199	really	O
199	need	O
199	any	O
199	since	O
199	the	O
199	display	B-aspect
199	have	O
199	proven	O
199	to	O
199	be	O
199	very	O
199	intelligent	O
199	when	O
199	resizing	O
199	different	O
199	screen	O
199	res	O
199	's	O
199	and	O
199	I	O
199	can	O
199	use	O
199	the	O
199	ATI	O
199	drivers	O
199	to	O
199	adjust	O
199	things	O
199	like	O
199	color	O
199	temp	O
199	and	O
199	gamma	O
199	.	O
200	I	O
200	would	O
200	n't	O
200	touch	O
200	one	O
200	of	O
200	these	O
200	Acers	O
200	!	O
201	For	O
201	the	O
201	money	O
201	you	O
201	ca	O
201	n't	O
201	beat	O
201	it	O
201	.	O
202	Dell	O
202	's	O
202	similar	O
202	monitor	O
202	is	O
202	over	O
202	$	O
202	300	O
202	.	O
203	Sure	O
203	more	O
203	options	O
203	but	O
203	for	O
203	me	O
203	it	O
203	serves	O
203	my	O
203	needs	O
203	totally	O
203	.	O
204	In	O
204	fact	O
204	others	O
204	say	O
204	not	O
204	bright	B-aspect
204	enough	O
204	?	O
205	I	O
205	find	O
205	it	O
205	too	O
205	bright	B-aspect
205	.	O
206	Retired	O
206	and	O
206	not	O
206	a	O
206	computer	O
206	geek	O
206	.	O
207	For	O
207	me	O
207	its	O
207	perfect	O
207	and	O
207	the	O
207	quality	B-aspect
207	for	O
207	games	O
207	and	O
207	word	O
207	docs	O
207	is	O
207	more	O
207	than	O
207	acceptable	O
207	.	O
208	Would	O
208	definately	O
208	recommend	O
208	it	O
208	.	O
209	Besides	O
209	,	O
209	I	O
209	hate	O
209	widescreen	B-aspect
209	monitors	I-aspect
209	!!!!	O
210	Also	O
210	one	O
210	review	O
210	said	O
210	it	O
210	does	O
210	n't	O
210	tilt	O
210	?	O
211	It	O
211	certainly	O
211	does	O
211	.	O
212	Much	O
212	faster	B-aspect
212	than	O
212	my	O
212	previous	O
212	Acer	O
212	One	O
212	Netbook	O
212	with	O
212	single	O
212	processor	O
212	.	O
213	Battery	B-aspect
213	last	O
213	longer	O
213	too	O
213	.	O
214	I	O
214	'm	O
214	very	O
214	happy	O
214	with	O
214	the	O
214	purchase	O
214	.	O
215	Highly	O
215	recommended	O
215	.	O
216	Amazon	O
216	delivery	O
216	is	O
216	very	O
216	efficient	O
216	and	O
216	on	O
216	time	O
216	,	O
216	as	O
216	always	O
216	.	O
217	Purchased	O
217	this	O
217	item	O
217	because	O
217	of	O
217	reviews	O
217	and	O
217	price	B-aspect
217	.	O
218	The	O
218	Netbook	B-aspect
218	is	O
218	great	O
218	and	O
218	rates	O
218	5	O
218	stars	O
218	EXCEPT	O
218	--	O
218	Customer	B-aspect
218	service	I-aspect
218	is	O
218	useless	O
218	.	O
219	Shunted	O
219	to	O
219	4	O
219	different	O
219	``	O
219	techs	O
219	''	O
219	with	O
219	language	O
219	problems	O
219	and	O
219	no	O
219	knowledge	O
219	only	O
219	to	O
219	be	O
219	told	O
219	that	O
219	a	O
219	question	O
219	on	O
219	a	O
219	Brand	O
219	New	O
219	Printer	O
219	can	O
219	only	O
219	be	O
219	answered	O
219	by	O
219	paying	O
219	$	O
219	38	O
219	per	O
219	call	O
219	.	O
220	excellent	O
220	,	O
220	very	O
220	good	O
220	monitor	B-aspect
220	to	O
220	rest	O
220	the	O
220	price	B-aspect
220	is	O
220	pretty	O
220	good	O
220	,	O
220	I	O
220	recommendt	O
220	he	O
220	picture	B-aspect
220	is	O
220	sharp	O
220	and	O
220	in	O
220	perfect	O
220	condition	O
220	came	O
220	to	O
220	Venezuela	O
221	Fits	B-aspect
221	nicely	O
221	on	O
221	the	O
221	small	O
221	desk	O
221	we	O
221	use	O
221	in	O
221	our	O
221	computer	O
221	room	O
221	.	O
222	It	O
222	does	O
222	not	O
222	distort	B-aspect
222	;	O
222	video	B-aspect
222	and	O
222	pictures	B-aspect
222	look	O
222	great	O
222	.	O
223	We	O
223	like	O
223	Acer	B-aspect
223	products	I-aspect
223	and	O
223	this	O
223	one	O
223	does	O
223	n't	O
223	disappoint	O
223	.	O
224	Hi	O
224	,	O
224	I	O
224	just	O
224	got	O
224	this	O
224	,	O
224	and	O
224	let	O
224	me	O
224	tell	O
224	you	O
224	is	O
224	an	O
224	awsome	O
224	monitor	B-aspect
224	,	O
224	Size	B-aspect
224	,	O
224	looking	B-aspect
224	and	O
224	3d	B-aspect
224	is	O
224	awsome	O
224	good	O
224	with	O
224	this	O
224	LCD	O
224	.	O
225	Sadly	O
225	mine	O
225	came	O
225	with	O
225	2	O
225	Pixels	O
225	dead	O
225	,	O
225	one	O
225	always	O
225	is	O
225	green	O
225	and	O
225	the	O
225	other	O
225	one	O
225	is	O
225	black	O
225	,	O
225	I	O
225	read	O
225	warranty	O
225	and	O
225	says	O
225	it	O
225	have	O
225	to	O
225	be	O
225	more	O
225	than	O
225	4	O
225	pixels	O
225	IN	O
225	THE	O
225	SAME	O
225	PLACE	O
225	to	O
225	become	O
225	a	O
225	valid	O
225	warranty	O
225	claim	O
225	.	O
226	Ok	O
226	this	O
226	is	O
226	not	O
226	a	O
226	big	O
226	issue	O
226	anyway	O
226	,	O
226	2	O
226	dots	O
226	dont	O
226	make	O
226	a	O
226	huge	O
226	diferences	O
226	,	O
226	they	O
226	are	O
226	just	O
226	annoying	O
226	.	O
227	2	O
227	weeks	O
227	later	O
227	,	O
227	The	O
227	monitor	B-aspect
227	start	O
227	having	O
227	other	O
227	issues	O
227	,	O
227	only	O
227	half	O
227	screen	O
227	turns	O
227	on	O
227	,	O
227	or	O
227	it	O
227	become	O
227	a	O
227	full	O
227	green	O
227	screen	O
227	and	O
227	doesnt	O
227	change	O
227	,	O
227	you	O
227	need	O
227	to	O
227	turn	O
227	it	O
227	off	O
227	and	O
227	on	O
227	again	O
227	until	O
227	it	O
227	works	O
227	.	O
228	Im	O
228	starting	O
228	the	O
228	warranty	O
228	process	O
228	to	O
228	see	O
228	what	O
228	happens	O
228	at	O
228	the	O
228	end	O
228	They	O
228	told	O
228	me	O
228	it	O
228	was	O
228	normal	O
228	since	O
228	this	O
228	LCD	O
228	's	O
228	are	O
228	120Hz	O
228	you	O
228	need	O
228	to	O
228	let	O
228	them	O
228	warm	O
228	up	O
228	sometimes	O
228	is	O
228	what	O
228	they	O
228	told	O
228	me	O
228	.	O
229	I	O
229	hope	O
229	this	O
229	dont	O
229	ends	O
229	in	O
229	a	O
229	square	O
229	pieces	O
229	of	O
229	garbage	O
229	broken	O
229	and	O
229	unable	O
229	to	O
229	claim	O
229	to	O
229	anyone	O
229	.	O
230	If	O
230	this	O
230	issues	O
230	still	O
230	being	O
230	fixed	O
230	by	O
230	turning	O
230	off	O
230	and	O
230	on	O
230	the	O
230	monitor	O
230	,	O
230	I	O
230	guess	O
230	I	O
230	can	O
230	deal	O
230	with	O
230	it	O
230	,	O
230	but	O
230	I	O
230	didnt	O
230	paid	O
230	the	O
230	amount	O
230	of	O
230	money	O
230	this	O
230	babies	O
230	cost	O
230	to	O
230	deal	O
230	with	O
230	this	O
230	...	O
230	Shouldnt	O
230	be	O
230	that	O
230	way	O
230	.	O
231	Im	O
231	gladly	O
231	open	O
231	to	O
231	any	O
231	help	O
231	you	O
231	can	O
231	give	O
231	me	O
231	.	O
232	After	O
232	opening	O
232	the	O
232	computer	O
232	for	O
232	the	O
232	first	O
232	time	O
232	,	O
232	I	O
232	notice	O
232	any	O
232	javascript	O
232	links	O
232	would	O
232	not	O
232	work	O
232	on	O
232	internet	O
232	explorer	O
232	.	O
233	The	O
233	default	O
233	settings	O
233	were	O
233	turned	O
233	on	O
233	.	O
234	I	O
234	contacted	O
234	Acer	O
234	support	O
234	and	O
234	they	O
234	wanted	O
234	$	O
234	100	O
234	to	O
234	fix	O
234	the	O
234	preinstalled	O
234	internet	O
234	explorer	O
234	issues	O
234	that	O
234	I	O
234	was	O
234	setup	O
234	with	O
234	.	O
235	Because	O
235	it	O
235	is	O
235	not	O
235	a	O
235	hardware	O
235	issue	O
235	,	O
235	they	O
235	will	O
235	not	O
235	help	O
235	you	O
235	unless	O
235	you	O
235	pay	O
235	them	O
235	.	O
236	After	O
236	searching	O
236	the	O
236	internet	O
236	for	O
236	hours	O
236	and	O
236	trying	O
236	countless	O
236	options	O
236	I	O
236	downloaded	O
236	Firefox	O
236	to	O
236	get	O
236	my	O
236	internet	O
236	operational	O
236	.	O
237	I	O
237	was	O
237	dissapointed	O
237	that	O
237	Acer	B-aspect
237	was	O
237	n't	O
237	more	O
237	helpful	O
237	.	O
238	I	O
238	talked	O
238	to	O
238	a	O
238	manager	O
238	and	O
238	explained	O
238	that	O
238	I	O
238	had	O
238	not	O
238	modified	O
238	any	O
238	preset	O
238	items	O
238	and	O
238	they	O
238	still	O
238	could	O
238	not	O
238	waive	O
238	the	O
238	cpu	O
238	support	O
238	fee	O
238	despite	O
238	the	O
238	cpu	O
238	being	O
238	brand	O
238	new	O
238	.	O
239	I	O
239	would	O
239	rather	O
239	hire	O
239	a	O
239	local	O
239	tech	O
239	support	O
239	company	O
239	than	O
239	pay	O
239	$	O
239	100	O
239	to	O
239	fix	O
239	a	O
239	brand	O
239	new	O
239	software	O
239	issue	O
239	on	O
239	a	O
239	$	O
239	375	O
239	computer	O
239	...	O
239	Besides	O
239	that	O
239	it	O
239	seems	O
239	to	O
239	be	O
239	working	O
239	fine	O
239	now	O
239	.	O
240	Nice	O
240	and	O
240	compact	B-aspect
240	.	O
241	After	O
241	much	O
241	delay	O
241	I	O
241	received	O
241	my	O
241	Acer	B-aspect
241	Netbook	I-aspect
241	Aspire	I-aspect
241	One	I-aspect
241	and	O
241	I	O
241	can	O
241	teell	O
241	you	O
241	I	O
241	am	O
241	very	O
241	satisfied	O
241	with	O
241	this	O
241	computer	B-aspect
241	,	O
241	is	O
241	very	O
241	pretty	B-aspect
241	,	O
241	well	O
241	finished	O
241	,	O
241	high	O
241	quality	B-aspect
241	,	O
241	so	O
241	quiet	B-aspect
241	,	O
241	not	O
241	heated	B-aspect
241	than	O
241	other	O
241	netbook	O
241	or	O
241	at	O
241	least	O
241	I	O
241	think	O
241	it	O
241	is	O
241	within	O
241	in	O
241	normal	O
241	ranges	O
241	,	O
241	the	O
241	keyboard	B-aspect
241	is	O
241	very	O
241	smooth	O
241	and	O
241	very	O
241	well	O
241	laid	B-aspect
241	out	I-aspect
241	,	O
241	the	O
241	screen	B-aspect
241	functions	I-aspect
241	are	O
241	very	O
241	practical	O
241	in	O
241	a	O
241	nutshell	O
241	is	O
241	an	O
241	excellent	O
241	buy	O
241	and	O
241	I	O
241	am	O
241	very	O
241	pleased	O
241	with	O
241	the	O
241	purchase	O
241	,	O
241	I	O
241	recommend	O
241	it	O
241	.	O
242	its	O
242	definately	O
242	an	O
242	outstanding	O
242	laptop	B-aspect
242	.	O
243	it	O
243	's	O
243	far	O
243	from	O
243	expensive	B-aspect
243	for	O
243	the	O
243	specifications	O
243	but	O
243	there	O
243	is	O
243	a	O
243	lot	O
243	more	O
243	than	O
243	in	O
243	there	O
243	...	O
243	i	O
243	like	O
243	it	O
243	so	O
243	much	O
243	...	O
243	its	O
243	nicely	O
243	designed	O
243	for	O
243	the	O
243	portable	O
243	user	O
243	and	O
243	I	O
243	like	O
243	the	O
243	Ferrari	O
243	design	B-aspect
243	on	O
243	it	O
243	.	O
244	The	O
244	color	B-aspect
244	is	O
244	red	O
244	and	O
244	is	O
244	so	O
244	attractive	O
244	!!	O
245	<p>	O
245	It	O
245	's	O
245	not	O
245	lite	O
245	on	O
245	weight	B-aspect
245	...	O
245	so	O
245	sad	O
245	...	O
245	I	O
245	definately	O
245	recommend	O
245	it	O
245	to	O
245	anyone	O
245	out	O
245	there	O
245	.	O
246	It	O
246	is	O
246	wonderful	O
246	!	O
247	Sharp	O
247	,	O
247	crisp	O
247	images	B-aspect
247	.	O
248	The	O
248	is	O
248	the	O
248	essence	O
248	of	O
248	more	O
248	bang	O
248	for	O
248	your	O
248	buck	O
248	!	O
249	No	O
249	issues	O
249	.	O
250	Delivery	B-aspect
250	was	O
250	prompt	O
250	.	O
251	Monitor	B-aspect
251	was	O
251	easy	O
251	to	O
251	set	B-aspect
251	up	I-aspect
251	and	O
251	works	O
251	as	O
251	promised	O
251	with	O
251	my	O
251	newly	O
251	acquired	O
251	NVIDIA	O
251	glasses	O
251	.	O
252	The	O
252	operation	O
252	with	O
252	the	O
252	increased	B-aspect
252	memory	I-aspect
252	option	I-aspect
252	was	O
252	flawless	O
252	with	O
252	the	O
252	Windows	O
252	7	O
252	Home	O
252	Professional	O
252	instaled	O
252	otherwise	O
252	other	O
252	netbooks	O
252	with	O
252	Windows	O
252	7	O
252	Starter	O
252	doesnt	O
252	allow	O
252	,	O
252	and	O
252	nobody	O
252	mention	O
252	this	O
252	.	O
253	This	O
253	is	O
253	a	O
253	plus	O
253	with	O
253	this	O
253	netbook	O
253	,	O
253	the	O
253	increased	O
253	size	B-aspect
253	of	O
253	1.6	O
253	inches	O
253	means	O
253	better	O
253	and	O
253	clear	O
253	view	O
253	of	O
253	webpages	O
253	and	O
253	woks	O
253	made	O
253	in	O
253	Office	O
253	.	O
254	This	O
254	is	O
254	a	O
254	very	O
254	nice	O
254	monitor	B-aspect
254	,	O
254	matte	O
254	black	O
254	and	O
254	built-in	O
254	speakers	B-aspect
254	.	O
255	Sharp	O
255	image	B-aspect
255	.	O
256	Relatively	O
256	small	B-aspect
256	desktop	O
256	footprint	O
256	too	O
256	.	O
257	VERY	O
257	fast	O
257	delivery	B-aspect
257	.	O
258	Ca	O
258	n't	O
258	beat	O
258	it	O
258	for	O
258	the	O
258	price	B-aspect
258	.	O
259	I	O
259	am	O
259	an	O
259	extremely	O
259	experienced	O
259	computer	O
259	user	O
259	.	O
260	In	O
260	my	O
260	home	O
260	I	O
260	have	O
260	two	O
260	servers	O
260	,	O
260	five	O
260	desktop	O
260	computers	O
260	,	O
260	and	O
260	six	O
260	different	O
260	monitors	O
260	.	O
261	I	O
261	spend	O
261	8-12	O
261	hours	O
261	a	O
261	day	O
261	on	O
261	a	O
261	computer	O
261	and	O
261	often	O
261	have	O
261	eyestrain	O
261	by	O
261	the	O
261	end	O
261	of	O
261	the	O
261	night	O
261	.	O
262	As	O
262	a	O
262	result	O
262	I	O
262	am	O
262	always	O
262	looking	O
262	for	O
262	a	O
262	better	O
262	monitor	O
262	.	O
263	This	O
263	LED	B-aspect
263	monitor	I-aspect
263	is	O
263	fantastic	O
263	!!!	O
264	I	O
264	bought	O
264	mine	O
264	a	O
264	few	O
264	months	O
264	ago	O
264	and	O
264	after	O
264	just	O
264	a	O
264	week	O
264	I	O
264	noticed	O
264	that	O
264	my	O
264	eyes	O
264	felt	O
264	better	O
264	at	O
264	night	O
264	.	O
265	Image	B-aspect
265	clarity	O
265	is	O
265	great	O
265	-LRB-	O
265	I	O
265	do	O
265	a	O
265	lot	O
265	of	O
265	work	O
265	in	O
265	PhotoShop	O
265	with	O
265	18MB	O
265	RAW	O
265	image	O
265	files	O
265	and	O
265	noticed	O
265	the	O
265	difference	O
265	immediately	O
265	-RRB-	O
265	.	O
266	I	O
266	also	O
266	see	O
266	a	O
266	difference	O
266	when	O
266	surfing	O
266	the	O
266	web	O
266	or	O
266	using	O
266	Microsoft	O
266	Office	O
266	applications	O
266	.	O
267	All	O
267	my	O
267	future	O
267	monitors	O
267	will	O
267	be	O
267	LED	O
267	.	O
268	This	O
268	unit	O
268	replaced	O
268	a	O
268	broken	O
268	display	O
268	on	O
268	a	O
268	server	O
268	with	O
268	limited	O
268	space	O
268	.	O
269	It	O
269	worked	B-aspect
269	great	O
269	and	O
269	we	O
269	just	O
269	pluged	O
269	it	O
269	in	O
269	.	O
270	Nothing	O
270	fancy	O
270	just	O
270	reliable	O
270	replacement	O
270	.	O
271	This	O
271	is	O
271	a	O
271	great	O
271	buy	O
271	!	O
272	I	O
272	was	O
272	a	O
272	little	O
272	skeptical	O
272	because	O
272	of	O
272	how	O
272	cheap	B-aspect
272	it	O
272	was	O
272	.	O
273	However	O
273	,	O
273	when	O
273	I	O
273	plugged	O
273	it	O
273	into	O
273	my	O
273	Mac	O
273	Mini	O
273	,	O
273	the	O
273	screen	B-aspect
273	looked	O
273	wonderful	O
273	.	O
274	The	O
274	colors	B-aspect
274	and	O
274	everything	O
274	are	O
274	great	O
274	.	O
275	I	O
275	exchanged	O
275	this	O
275	from	O
275	an	O
275	LG	O
275	that	O
275	I	O
275	bought	O
275	for	O
275	nearly	O
275	twice	O
275	as	O
275	much	O
275	and	O
275	the	O
275	colors	B-aspect
275	on	O
275	the	O
275	LG	O
275	were	O
275	not	O
275	at	O
275	all	O
275	as	O
275	nice	O
275	as	O
275	this	O
275	.	O
276	There	O
276	is	O
276	a	O
276	slight	O
276	``	O
276	halo	O
276	''	O
276	on	O
276	the	O
276	edge	O
276	of	O
276	the	O
276	screen	O
276	when	O
276	it	O
276	is	O
276	showing	O
276	blacks	O
276	-LRB-	O
276	say	O
276	for	O
276	instance	O
276	the	O
276	black	O
276	horizontal	O
276	bars	O
276	of	O
276	a	O
276	movie	O
276	-RRB-	O
276	,	O
276	but	O
276	during	O
276	everyday	O
276	activities	O
276	-LRB-	O
276	email	O
276	,	O
276	pages	O
276	,	O
276	internet	O
276	.	O
277	No	O
277	other	O
277	screen	O
277	adjustments	O
277	with	O
277	the	O
277	PC	O
277	.	O
278	etc.	O
278	-RRB-	O
278	you	O
278	do	O
278	n't	O
278	notice	O
278	it	O
278	at	O
278	all	O
278	.	O
279	Especially	O
279	when	O
279	you	O
279	know	O
279	you	O
279	paid	O
279	less	O
279	than	O
279	$	O
279	100	O
279	for	O
279	it	O
279	!	O
280	I	O
280	got	O
280	this	O
280	monitor	O
280	to	O
280	go	O
280	to	O
280	a	O
280	dual	O
280	monitor	O
280	config	O
280	.	O
281	My	O
281	other	O
281	monitor	O
281	is	O
281	a	O
281	23	O
281	inch	O
281	ACER	O
281	.	O
282	I	O
282	thot	O
282	my	O
282	original	O
282	monitor	O
282	had	O
282	a	O
282	good	O
282	image	O
282	,	O
282	but	O
282	the	O
282	S201HL	O
282	has	O
282	a	O
282	much	O
282	brighter	O
282	display	B-aspect
282	.	O
283	Everything	O
283	is	O
283	brighter	O
283	and	O
283	better	O
283	defined	O
283	on	O
283	it	O
283	.	O
284	Pros	O
284	:	O
284	Low	O
284	weight	B-aspect
284	,	O
284	long	O
284	battery	B-aspect
284	life	I-aspect
284	,	O
284	decent	O
284	keyboard	B-aspect
284	,	O
284	decent	O
284	screen	B-aspect
284	,	O
284	does	O
284	not	O
284	heat	B-aspect
284	up	I-aspect
284	,	O
284	HDMI	B-aspect
284	output	I-aspect
284	,	O
284	flawless	O
284	local	B-aspect
284	HD	I-aspect
284	decoding	I-aspect
284	Con	O
284	:	O
284	low	O
284	audio	B-aspect
284	volume	I-aspect
284	,	O
284	just	O
284	enough	O
284	CPU	O
284	power	O
285	When	O
285	it	O
285	works	O
285	its	O
285	fine	O
285	but	O
285	I	O
285	have	O
285	gone	O
285	through	O
285	two	O
285	monitors	O
285	now	O
285	both	O
285	with	O
285	defective	O
285	switches	B-aspect
285	.	O
286	Acer	O
286	says	O
286	they	O
286	will	O
286	replace	O
286	it	O
286	if	O
286	I	O
286	ship	O
286	it	O
286	back	O
286	but	O
286	that	O
286	costs	O
286	$	O
286	50.00	O
286	.	O
287	I	O
287	now	O
287	have	O
287	a	O
287	Samsung	O
287	which	O
287	is	O
287	great	O
287	.	O
288	I	O
288	bought	O
288	this	O
288	to	O
288	replace	O
288	an	O
288	$	O
288	89	O
288	2011	O
288	holiday	O
288	special	O
288	21.5	O
288	''	O
288	Acer	O
288	from	O
288	Best	O
288	Buy	O
288	.	O
289	This	O
289	monitor	B-aspect
289	is	O
289	much	O
289	,	O
289	much	O
289	better	O
289	but	O
289	still	O
289	not	O
289	great	O
289	.	O
290	The	O
290	colors	B-aspect
290	and	O
290	viewing	B-aspect
290	angle	I-aspect
290	are	O
290	about	O
290	average	O
290	,	O
290	but	O
290	a	O
290	huge	O
290	upgrade	O
290	from	O
290	the	O
290	truly	O
290	terrible	O
290	quality	B-aspect
290	of	O
290	the	O
290	other	O
290	monitor	O
290	.	O
291	My	O
291	other	O
291	big	O
291	complaint	O
291	about	O
291	this	O
291	monitor	O
291	is	O
291	the	O
291	stand	B-aspect
291	.	O
292	It	O
292	's	O
292	flimsy	O
292	plastic	O
292	and	O
292	the	O
292	monitor	B-aspect
292	bounces	O
292	around	O
292	while	O
292	you	O
292	type	O
292	.	O
293	There	O
293	's	O
293	also	O
293	no	O
293	height	B-aspect
293	adjustability	I-aspect
293	,	O
293	so	O
293	it	O
293	sits	O
293	very	O
293	low	O
293	to	O
293	the	O
293	desk	O
293	.	O
294	If	O
294	you	O
294	use	O
294	it	O
294	with	O
294	a	O
294	laptop	O
294	,	O
294	that	O
294	might	O
294	be	O
294	a	O
294	plus	O
294	,	O
294	but	O
294	if	O
294	you	O
294	use	O
294	with	O
294	with	O
294	an	O
294	iMac	O
294	or	O
294	a	O
294	taller	O
294	monitor	O
294	,	O
294	you	O
294	're	O
294	going	O
294	to	O
294	need	O
294	some	O
294	books	O
294	or	O
294	something	O
294	to	O
294	level	O
294	them	O
294	out	O
294	.	O
295	Not	O
295	a	O
295	bad	O
295	monitor	B-aspect
295	for	O
295	$	O
295	120	O
295	but	O
295	it	O
295	's	O
295	nothing	O
295	special	O
295	.	O
296	recieved	O
296	this	O
296	product	O
296	in	O
296	time	O
296	for	O
296	a	O
296	gift	O
296	giving	O
296	...	O
296	works	O
296	outstanding	O
296	good	O
296	battery	B-aspect
296	life	I-aspect
296	nice	O
296	screen	B-aspect
296	resolution	I-aspect
296	uses	O
296	windows	O
296	7	O
296	which	O
296	is	O
296	what	O
296	the	O
296	rest	O
296	of	O
296	the	O
296	house	O
296	uses	O
296	connectsd	O
296	to	O
296	my	O
296	network	O
296	easisly	O
297	Overall	O
297	,	O
297	I	O
297	like	O
297	the	O
297	system	O
297	features	B-aspect
297	and	O
297	performance	B-aspect
297	.	O
298	I	O
298	love	O
298	that	O
298	it	O
298	is	O
298	a	O
298	tablet	O
298	-	O
298	it	O
298	is	O
298	so	O
298	much	O
298	more	O
298	convenient	B-aspect
298	than	O
298	a	O
298	regular	O
298	laptop	O
298	.	O
299	There	O
299	is	O
299	one	O
299	very	O
299	annoying	O
299	problem	O
299	with	O
299	this	O
299	model	O
299	though	O
299	:	O
299	the	O
299	keyboard	B-aspect
299	is	O
299	``	O
299	sticky	O
299	''	O
299	-	O
299	meaning	O
299	,	O
299	despite	O
299	this	O
299	tablet	O
299	is	O
299	brand	O
299	new	O
299	and	O
299	just	O
299	arrived	O
299	,	O
299	when	O
299	I	O
299	press	O
299	and	O
299	release	O
299	a	O
299	key	O
299	on	O
299	the	O
299	keyboard	B-aspect
299	it	O
299	acts	O
299	as	O
299	if	O
299	I	O
299	kept	O
299	it	O
299	pressed	O
299	,	O
299	continuing	O
299	to	O
299	type	O
299	the	O
299	same	O
299	character	O
299	again	O
299	and	O
299	again	O
299	.	O
300	Sometimes	O
300	,	O
300	when	O
300	I	O
300	compose	O
300	an	O
300	email	O
300	and	O
300	press	O
300	the	O
300	``	O
300	DEL	O
300	''	O
300	key	O
300	to	O
300	delete	O
300	a	O
300	character	O
300	-	O
300	ooops	O
300	!	O
301	-	O
301	it	O
301	deletes	O
301	half	O
301	of	O
301	the	O
301	email	O
301	.	O
302	Unfortunately	O
302	,	O
302	this	O
302	problem	O
302	happens	O
302	way	O
302	too	O
302	often	O
302	,	O
302	a	O
302	few	O
302	times	O
302	per	O
302	day	O
302	.	O
303	I	O
303	did	O
303	not	O
303	expect	O
303	this	O
303	behavior	O
303	from	O
303	a	O
303	new	O
303	computer	O
303	.	O
304	I	O
304	bought	O
304	this	O
304	monitor	B-aspect
304	from	O
304	computer	O
304	direct	O
304	a	O
304	couple	O
304	months	O
304	ago	O
304	,	O
304	and	O
304	I	O
304	have	O
304	been	O
304	very	O
304	satisfied	O
304	with	O
304	it	O
304	so	O
304	far	O
304	.	O
305	Some	O
305	specifics	O
305	from	O
305	my	O
305	purchase	O
305	experience	O
305	were	O
305	:	O
305	1	O
305	.	O
306	The	O
306	clarity	B-aspect
306	and	O
306	contrast	B-aspect
306	are	O
306	exactly	O
306	what	O
306	I	O
306	was	O
306	looking	O
306	for	O
306	in	O
306	a	O
306	monitor	O
306	,	O
306	and	O
306	spec	O
306	for	O
306	spec	O
306	,	O
306	it	O
306	is	O
306	a	O
306	bargain	O
306	compared	O
306	to	O
306	other	O
306	brands	O
306	.	O
307	2	O
307	.	O
308	The	O
308	computer	O
308	direct	O
308	processing	O
308	and	O
308	shipping	B-aspect
308	was	O
308	outrageously	O
308	fast	O
308	.	O
309	I	O
309	ordered	O
309	it	O
309	on	O
309	a	O
309	Monday	O
309	afternoon	O
309	-LRB-	O
309	around	O
309	2	O
309	PM	O
309	-RRB-	O
309	and	O
309	with	O
309	no	O
309	extra	O
309	shipping	B-aspect
309	costs	O
309	,	O
309	the	O
309	monitor	O
309	was	O
309	at	O
309	my	O
309	door	O
309	in	O
309	Chicago	O
309	by	O
309	the	O
309	time	O
309	I	O
309	got	O
309	home	O
309	from	O
309	work	O
309	Tuesday	O
309	.	O
310	3	O
310	.	O
311	The	O
311	stand	B-aspect
311	is	O
311	by	O
311	far	O
311	the	O
311	most	O
311	inferior	O
311	aspect	O
311	of	O
311	this	O
311	monitor	B-aspect
311	.	O
312	It	O
312	will	O
312	only	O
312	move	O
312	the	O
312	monitor	B-aspect
312	side	O
312	to	O
312	side	O
312	-LRB-	O
312	no	O
312	up\/down	O
312	or	O
312	tilt	O
312	feature	O
312	-RRB-	O
312	.	O
313	However	O
313	,	O
313	the	O
313	view	B-aspect
313	angle	I-aspect
313	on	O
313	this	O
313	thing	O
313	is	O
313	so	O
313	big	O
313	that	O
313	you	O
313	will	O
313	see	O
313	very	O
313	clearly	O
313	on	O
313	any	O
313	desk\/viewing	O
313	situation	O
313	you	O
313	normally	O
313	run	O
313	across	O
313	.	O
314	4	O
314	.	O
315	Just	O
315	in	O
315	general	O
315	,	O
315	make	O
315	sure	O
315	your	O
315	graphics	O
315	card	O
315	can	O
315	handle	O
315	the	O
315	native	O
315	screen	O
315	resolution	O
315	on	O
315	this	O
315	monitor	O
315	.	O
316	Many	O
316	computers	O
316	from	O
316	2003	O
316	or	O
316	before	O
316	may	O
316	not	O
316	be	O
316	able	O
316	to	O
316	.	O
317	5	O
317	.	O
318	I	O
318	have	O
318	seen	O
318	no	O
318	dead	B-aspect
318	pixels	I-aspect
318	or	O
318	color	B-aspect
318	bleeding	I-aspect
318	that	O
318	I	O
318	've	O
318	heard	O
318	about	O
318	with	O
318	other	O
318	ACER	O
318	models	O
319	the	O
319	netbook	B-aspect
319	work	O
319	as	O
319	a	O
319	breeze	O
319	for	O
319	my	O
319	sales	O
319	person	O
319	,	O
319	it	O
319	worked	O
319	fine	O
319	,	O
319	fast	B-aspect
319	and	O
319	with	O
319	the	O
319	extra	O
319	ram	O
319	nothing	O
319	could	O
319	stop	O
319	it	O
319	,	O
319	in	O
319	fact	O
319	it	O
319	works	O
319	better	O
319	than	O
319	my	O
319	own	O
319	laptop	O
319	so	O
319	I	O
319	will	O
319	change	O
319	to	O
319	this	O
319	one	O
319	as	O
319	soon	O
319	as	O
319	possible	O
320	I	O
320	am	O
320	very	O
320	happy	O
320	with	O
320	the	O
320	Acer	B-aspect
320	19-inch	I-aspect
320	flat	I-aspect
320	screen	I-aspect
320	monitor	I-aspect
320	which	O
320	I	O
320	received	O
320	for	O
320	Christmas	O
320	.	O
321	Things	O
321	are	O
321	much	O
321	more	O
321	distinct	O
321	,	O
321	and	O
321	I	O
321	do	O
321	n't	O
321	have	O
321	to	O
321	strain	O
321	my	O
321	eyes	O
321	and	O
321	squint	O
321	when	O
321	I	O
321	am	O
321	trying	O
321	to	O
321	read	O
321	something	O
321	on	O
321	the	O
321	screen	B-aspect
321	-LRB-	O
321	like	O
321	I	O
321	had	O
321	to	O
321	do	O
321	with	O
321	my	O
321	clunky	O
321	old	O
321	monitor	O
321	-RRB-	O
321	.	O
322	AND	O
322	...	O
322	there	O
322	is	O
322	now	O
322	much	O
322	more	O
322	room	O
322	on	O
322	the	O
322	top	O
322	of	O
322	my	O
322	desk	O
322	for	O
322	me	O
322	to	O
322	spread	O
322	out	O
322	my	O
322	work	O
322	when	O
322	I	O
322	am	O
322	online	O
322	or	O
322	pursuing	O
322	any	O
322	of	O
322	my	O
322	many	O
322	and	O
322	varied	O
322	journalistic	O
322	endeavors	O
322	.	O
323	Very	O
323	happy	O
323	with	O
323	purchase	O
323	.	O
324	Monitor	O
324	doubles	O
324	as	O
324	a	O
324	primary	O
324	monitor	O
324	for	O
324	a	O
324	Mac	O
324	G2	O
324	as	O
324	well	O
324	as	O
324	a	O
324	secondary	O
324	monitor	O
324	for	O
324	a	O
324	Dell	O
324	Notebook	O
324	.	O
325	No	O
325	problems	O
325	detected	O
325	,	O
325	no	O
325	flaws	O
325	noticed	O
325	.	O
326	Just	O
326	an	O
326	average	O
326	user	O
326	getting	O
326	good	O
326	value	O
326	in	O
326	this	O
326	product	B-aspect
326	.	O
327	I	O
327	was	O
327	looking	O
327	for	O
327	an	O
327	upgrade	O
327	on	O
327	a	O
327	monitor	O
327	.	O
328	I	O
328	got	O
328	a	O
328	new	O
328	pc	O
328	so	O
328	I	O
328	wanted	O
328	a	O
328	nice	O
328	size	O
328	monitor	O
328	for	O
328	it	O
328	without	O
328	busting	O
328	me	O
328	in	O
328	price	O
328	.	O
329	So	O
329	I	O
329	came	O
329	across	O
329	the	O
329	acer	O
329	read	O
329	some	O
329	of	O
329	the	O
329	reviews	O
329	andi	O
329	was	O
329	a	O
329	little	O
329	skeptical	O
329	,	O
329	but	O
329	the	O
329	price	O
329	was	O
329	right	O
329	.	O
330	Hooked	O
330	it	O
330	worked	O
330	like	O
330	a	O
330	charm	O
330	,	O
330	great	O
330	picture	B-aspect
330	,	O
330	bright	O
330	colors	B-aspect
330	and	O
330	very	O
330	light	O
330	weight	B-aspect
330	.	O
331	I	O
331	'm	O
331	very	O
331	satisfied	O
331	with	O
331	it	O
331	especially	O
331	for	O
331	he	O
331	price	B-aspect
331	.	O
332	Did	O
332	not	O
332	have	O
332	a	O
332	ring	O
332	around	O
332	it	O
332	like	O
332	other	O
332	reviews	O
332	stated	O
332	.	O
333	Good	O
333	monitor	B-aspect
333	for	O
333	the	O
333	price	B-aspect
333	.	O
334	Let	O
334	me	O
334	start	O
334	by	O
334	saying	O
334	if	O
334	I	O
334	could	O
334	give	O
334	this	O
334	review	O
334	a	O
334	-50	O
334	stars	O
334	I	O
334	wish	O
334	I	O
334	could	O
334	.	O
335	Maybe	O
335	some	O
335	of	O
335	you	O
335	do	O
335	n't	O
335	have	O
335	this	O
335	problem	O
335	,	O
335	but	O
335	I	O
335	know	O
335	of	O
335	over	O
335	20	O
335	cases	O
335	of	O
335	buzzing	O
335	from	O
335	this	O
335	monitor	B-aspect
335	.	O
336	If	O
336	you	O
336	do	O
336	n't	O
336	know	O
336	if	O
336	yours	O
336	buzzes	O
336	,	O
336	try	O
336	going	O
336	to	O
336	a	O
336	dark	O
336	website	O
336	such	O
336	as	O
336	Hardforum.com	O
336	at	O
336	120Hz	O
336	and	O
336	see	O
336	if	O
336	the	O
336	back	O
336	of	O
336	your	O
336	monitor	O
336	buzzes	O
336	.	O
337	Anyways	O
337	,	O
337	back	O
337	to	O
337	the	O
337	point	O
337	:	O
337	I	O
337	've	O
337	tried	O
337	to	O
337	be	O
337	so	O
337	calm	O
337	over	O
337	the	O
337	past	O
337	month	O
337	of	O
337	dealing	O
337	with	O
337	Acer	O
337	and	O
337	their	O
337	terrible	O
337	service	B-aspect
337	and	O
337	support	B-aspect
337	.	O
338	I	O
338	sent	O
338	my	O
338	monitor	B-aspect
338	in	O
338	to	O
338	Acer	O
338	for	O
338	repairs	O
338	for	O
338	such	O
338	a	O
338	small	O
338	but	O
338	very	O
338	problematic	O
338	problem	O
338	of	O
338	random	O
338	Buzzing	O
338	from	O
338	my	O
338	Acer	O
338	GD235Hz	O
338	monitor	B-aspect
338	.	O
339	When	O
339	I	O
339	finally	O
339	got	O
339	my	O
339	monitor	O
339	back	O
339	from	O
339	repairs	O
339	I	O
339	was	O
339	given	O
339	an	O
339	``	O
339	we	O
339	could	O
339	not	O
339	find	O
339	the	O
339	problem	O
339	''	O
339	letter	O
339	.	O
340	I	O
340	was	O
340	pissed	O
340	that	O
340	they	O
340	could	O
340	not	O
340	find	O
340	it	O
340	and	O
340	even	O
340	more	O
340	mad	O
340	that	O
340	they	O
340	did	O
340	not	O
340	even	O
340	bother	O
340	to	O
340	tell	O
340	me	O
340	before	O
340	shipping	O
340	it	O
340	out	O
340	.	O
341	Angry	O
341	that	O
341	they	O
341	did	O
341	not	O
341	even	O
341	read	O
341	the	O
341	information	O
341	that	O
341	I	O
341	had	O
341	given	O
341	on	O
341	how	O
341	to	O
341	duplicate	O
341	the	O
341	problem	O
341	.	O
342	You	O
342	can	O
342	blame	O
342	the	O
342	bad	O
342	chat	B-aspect
342	support	I-aspect
342	or	O
342	the	O
342	repair	B-aspect
342	technicians	I-aspect
342	for	O
342	that	O
342	because	O
342	I	O
342	gave	O
342	all	O
342	the	O
342	information	O
342	I	O
342	could	O
342	.	O
343	So	O
343	I	O
343	just	O
343	asked	O
343	Acer	O
343	to	O
343	repair	O
343	it	O
343	a	O
343	second	O
343	time	O
343	.	O
344	So	O
344	when	O
344	they	O
344	received	O
344	the	O
344	monitor	O
344	I	O
344	was	O
344	very	O
344	happy	O
344	that	O
344	this	O
344	time	O
344	that	O
344	they	O
344	actually	O
344	were	O
344	able	O
344	to	O
344	find	O
344	the	O
344	problem	O
344	.	O
345	It	O
345	took	O
345	them	O
345	a	O
345	total	O
345	of	O
345	5	O
345	or	O
345	so	O
345	days	O
345	to	O
345	repair	O
345	it	O
345	and	O
345	ship	O
345	it	O
345	back	O
345	to	O
345	me	O
345	.	O
346	Great	O
346	.	O
347	But	O
347	when	O
347	I	O
347	finally	O
347	got	O
347	the	O
347	monitor	O
347	back	O
347	,	O
347	it	O
347	still	O
347	had	O
347	the	O
347	same	O
347	issue	O
347	and	O
347	it	O
347	also	O
347	came	O
347	back	O
347	scratched	O
347	on	O
347	the	O
347	bezel	O
347	too	O
347	.	O
348	Let	O
348	me	O
348	tell	O
348	you	O
348	that	O
348	the	O
348	monitor	O
348	was	O
348	in	O
348	PERFECT	O
348	cosmetic	O
348	condition	O
348	.	O
349	Now	O
349	I	O
349	am	O
349	very	O
349	angry	O
349	.	O
350	I	O
350	should	O
350	've	O
350	trusted	O
350	all	O
350	the	O
350	online	O
350	comments	O
350	about	O
350	the	O
350	terrible	O
350	repair	B-aspect
350	team	I-aspect
350	of	O
350	Acer	O
350	.	O
351	I	O
351	told	O
351	myself	O
351	it	O
351	could	O
351	not	O
351	be	O
351	that	O
351	bad	O
351	,	O
351	but	O
351	it	O
351	obviously	O
351	was	O
351	.	O
352	I	O
352	would	O
352	never	O
352	ever	O
352	even	O
352	think	O
352	about	O
352	recommending	O
352	or	O
352	buying	O
352	another	O
352	Acer	O
352	product	O
352	in	O
352	my	O
352	life	O
352	again	O
352	.	O
353	Please	O
353	treat	O
353	your	O
353	customers	O
353	with	O
353	respect	O
353	,	O
353	Acer	O
353	.	O
354	You	O
354	guys	O
354	need	O
354	to	O
354	hire	O
354	new	O
354	repair	B-aspect
354	technicians	I-aspect
354	because	O
354	the	O
354	ones	O
354	that	O
354	are	O
354	in	O
354	the	O
354	repair	B-aspect
354	center	I-aspect
354	obviously	O
354	have	O
354	no	O
354	idea	O
354	what	O
354	they	O
354	are	O
354	doing	O
354	.	O
355	I	O
355	got	O
355	this	O
355	montior	O
355	for	O
355	$	O
355	199.00	O
355	-LRB-	O
355	with	O
355	$	O
355	50.00	O
355	rebate	O
355	-RRB-	O
355	.	O
356	I	O
356	am	O
356	in	O
356	the	O
356	computer	O
356	business	O
356	and	O
356	could	O
356	n't	O
356	get	O
356	it	O
356	at	O
356	this	O
356	price	O
356	from	O
356	any	O
356	of	O
356	my	O
356	suppliers	O
356	.	O
357	I	O
357	expected	O
357	it	O
357	to	O
357	be	O
357	quite	O
357	good	O
357	,	O
357	the	O
357	specs	O
357	were	O
357	where	O
357	they	O
357	should	O
357	be	O
357	contrat	O
357	,	O
357	response	O
357	time	O
357	,	O
357	etc.	O
357	.	O
358	I	O
358	was	O
358	not	O
358	disappointed	O
358	.	O
359	I	O
359	was	O
359	impressed	O
359	.	O
360	The	O
360	colors	B-aspect
360	are	O
360	bright	O
360	,	O
360	beautiful	O
360	and	O
360	clear	O
360	.	O
361	I	O
361	am	O
361	in	O
361	the	O
361	business	O
361	and	O
361	have	O
361	seen	O
361	many	O
361	19	O
361	''	O
361	LCD	O
361	monitors	O
361	that	O
361	sell	O
361	for	O
361	much	O
361	,	O
361	much	O
361	more	O
361	,	O
361	and	O
361	aside	O
361	from	O
361	monitors	O
361	with	O
361	a	O
361	higher	O
361	resolution	B-aspect
361	-LRB-	O
361	ie	O
361	1600	O
361	x	O
361	1200	O
361	-RRB-	O
361	,	O
361	there	O
361	is	O
361	no	O
361	noticable	O
361	difference	O
361	at	O
361	all	O
361	.	O
362	This	O
362	product	O
362	is	O
362	hard	O
362	to	O
362	beat	O
362	at	O
362	any	O
362	price	B-aspect
362	.	O
363	I	O
363	agree	O
363	with	O
363	the	O
363	earlier	O
363	reviewer	O
363	who	O
363	said	O
363	that	O
363	there	O
363	is	O
363	a	O
363	very	O
363	limited	O
363	vertical	O
363	viewing	B-aspect
363	angle	I-aspect
363	in	O
363	order	O
363	to	O
363	get	O
363	consistent	O
363	contrast	O
363	.	O
364	Otherwise	O
364	a	O
364	very	O
364	decent	O
364	monitor	B-aspect
364	for	O
364	its	O
364	price	B-aspect
364	.	O
365	I	O
365	bought	O
365	this	O
365	item	O
365	at	O
365	Target	O
365	for	O
365	$	O
365	197	O
365	,	O
365	and	O
365	added	O
365	to	O
365	4G	O
365	ram	O
365	the	O
365	same	O
365	day	O
365	.	O
366	When	O
366	I	O
366	got	O
366	home	O
366	,	O
366	I	O
366	uninstalled	O
366	every	O
366	useless	O
366	software	O
366	,	O
366	removed	O
366	others	O
366	from	O
366	Start	O
366	Up	O
366	list	O
366	,	O
366	disabled	O
366	some	O
366	services	O
366	,	O
366	and	O
366	other	O
366	tweaks	O
366	.	O
367	Then	O
367	,	O
367	I	O
367	installed	O
367	PotPlayer	O
367	-LRB-	O
367	install	O
367	the	O
367	64bit	O
367	version	O
367	-RRB-	O
367	on	O
367	it	O
367	.	O
368	PotPlayer	O
368	is	O
368	the	O
368	King	O
368	of	O
368	all	O
368	PC	O
368	media	O
368	player	O
368	.	O
369	It	O
369	uses	O
369	GPU	O
369	hardware	O
369	acceleration	O
369	by	O
369	default	O
369	.	O
370	Now	O
370	I	O
370	can	O
370	play	O
370	1080p	O
370	movie	O
370	from	O
370	NAS	O
370	drive	O
370	,	O
370	downloading	O
370	with	O
370	uTorrent	O
370	,	O
370	browsing	O
370	internet	O
370	all	O
370	at	O
370	the	O
370	same	O
370	time	O
370	.	O
371	1080p	O
371	movie	O
371	got	O
371	no	O
371	stutter	O
371	or	O
371	lag	O
371	at	O
371	all	O
371	.	O
372	Very	O
372	smooth	B-aspect
372	.	O
373	Before	O
373	I	O
373	installed	O
373	PotPlayer	O
373	,	O
373	I	O
373	used	O
373	KMPlayer	O
373	,	O
373	PowerDVD	O
373	,	O
373	Corel	O
373	WinDVD	O
373	and	O
373	none	O
373	of	O
373	them	O
373	could	O
373	play	O
373	1080P	O
373	smoothly	O
373	.	O
374	Audio	O
374	was	O
374	always	O
374	laggish	O
374	,	O
374	stuttered	O
374	,	O
374	delayed	O
374	,	O
374	out	O
374	of	O
374	sync	O
374	...	O
374	After	O
374	I	O
374	used	O
374	PotPlayer	O
374	,	O
374	it	O
374	's	O
374	like	O
374	totally	O
374	a	O
374	different	O
374	world	O
374	;	O
374	The	O
374	difference	O
374	is	O
374	like	O
374	Black	O
374	and	O
374	White	O
374	.	O
375	I	O
375	think	O
375	the	O
375	real	O
375	reason	O
375	that	O
375	made	O
375	the	O
375	changes	O
375	is	O
375	that	O
375	it	O
375	now	O
375	uses	O
375	GPU	B-aspect
375	hardware	I-aspect
375	acceleration	I-aspect
375	.	O
376	So	O
376	far	O
376	,	O
376	I	O
376	am	O
376	super	O
376	happy	O
376	with	O
376	this	O
376	small	B-aspect
376	yet	O
376	powerful	O
376	enough	O
376	laptop	B-aspect
376	.	O
377	It	O
377	does	O
377	everything	O
377	I	O
377	want	O
377	,	O
377	especially	O
377	on	O
377	1080p	O
377	HD	O
377	playback	O
377	part	O
377	.	O
378	I	O
378	am	O
378	really	O
378	amazed	O
378	that	O
378	it	O
378	can	O
378	play	O
378	1080p	O
378	movie	O
378	flawlessly	O
378	.	O
379	Again	O
379	,	O
379	if	O
379	you	O
379	can	O
379	not	O
379	play	O
379	1080p	O
379	movie	O
379	smoothly	O
379	,	O
379	I	O
379	am	O
379	very	O
379	sure	O
379	your	O
379	media	O
379	player	O
379	does	O
379	n't	O
379	enable	O
379	GPU	O
379	hardware	O
379	acceleration	O
379	.	O
380	My	O
380	suggestion	O
380	is	O
380	to	O
380	download	O
380	PotPlayer	O
380	.	O
381	If	O
381	you	O
381	are	O
381	not	O
381	picky	O
381	about	O
381	image	B-aspect
381	quality	I-aspect
381	,	O
381	go	O
381	for	O
381	it	O
381	.	O
382	Otherwise	O
382	get	O
382	something	O
382	more	O
382	expensive	O
382	.	O
383	I	O
383	can	O
383	see	O
383	a	O
383	drastic	O
383	difference	O
383	between	O
383	this	O
383	monitor	O
383	and	O
383	Dell	O
383	Ultrasharp	O
383	in	O
383	terms	O
383	of	O
383	contrast	B-aspect
383	,	O
383	brightness	B-aspect
383	and	O
383	viewing	B-aspect
383	angles	I-aspect
383	.	O
384	These	O
384	were	O
384	a	O
384	`	O
384	drop	O
384	dead	O
384	deal	O
384	'	O
384	when	O
384	Target	O
384	sold	O
384	them	O
384	for	O
384	$	O
384	200	O
384	over	O
384	the	O
384	Holidays	O
384	,	O
384	but	O
384	they	O
384	are	O
384	still	O
384	a	O
384	solid	O
384	value	O
384	at	O
384	current	O
384	prices	O
384	.	O
385	You	O
385	will	O
385	not	O
385	be	O
385	disappointed	O
385	.	O
386	However	O
386	,	O
386	if	O
386	you	O
386	are	O
386	still	O
386	on	O
386	the	O
386	fence	O
386	,	O
386	Staples	O
386	has	O
386	them	O
386	for	O
386	under	O
386	300	O
386	,	O
386	starting	O
386	this	O
386	Sunday	O
386	-LRB-	O
386	Feb	O
386	19	O
386	-RRB-	O
386	,	O
386	equipped	O
386	with	O
386	4	O
386	gig	O
386	of	O
386	ram	O
386	!	O
387	EDIT	O
387	:	O
387	Beep	O
387	can	O
387	be	O
387	fixed	O
387	,	O
387	see	O
387	Violet	O
387	Swordsmith	O
387	's	O
387	heroic	O
387	method	O
387	below	O
387	.	O
388	Please	O
388	ignore	O
388	all	O
388	the	O
388	posts	O
388	about	O
388	turning	O
388	off	O
388	the	O
388	sounds	O
388	under	O
388	sounds	O
388	.	O
389	:	O
389	P	O
389	Fantastic	O
389	little	O
389	computer	B-aspect
389	,	O
389	does	O
389	everything	O
389	I	O
389	had	O
389	hoped	O
389	for	O
389	work\/study\/travel	O
389	.	O
390	However	O
390	,	O
390	when	O
390	you	O
390	unplug	O
390	the	O
390	computer	O
390	it	O
390	beeps	B-aspect
390	.	O
391	Not	O
391	a	O
391	big	O
391	deal	O
391	?	O
392	HA	O
392	!	O
393	You	O
393	CAN	O
393	NOT	O
393	turn	O
393	it	O
393	off	O
393	,	O
393	trust	O
393	me	O
393	I	O
393	've	O
393	scoured	O
393	the	O
393	internet	O
393	and	O
393	even	O
393	did	O
393	two	O
393	hour	O
393	long	O
393	chats	O
393	with	O
393	Acer	O
393	-LRB-	O
393	they	O
393	pretend	O
393	they	O
393	have	O
393	no	O
393	idea	O
393	what	O
393	is	O
393	going	O
393	on	O
393	then	O
393	want	O
393	to	O
393	charge	O
393	you	O
393	money	O
393	to	O
393	diagnose	O
393	the	O
393	problem	O
393	.	O
394	lulz	O
394	-RRB-	O
394	.	O
395	Anyway	O
395	,	O
395	why	O
395	is	O
395	this	O
395	a	O
395	big	O
395	deal	O
395	,	O
395	it	O
395	's	O
395	just	O
395	a	O
395	beep	O
395	?	O
396	Well	O
396	,	O
396	because	O
396	it	O
396	is	O
396	deafening	O
396	if	O
396	you	O
396	have	O
396	head	O
396	phone	O
396	on	O
396	,	O
396	or	O
396	connected	O
396	to	O
396	external	O
396	speakers	O
396	b\/c	O
396	the	O
396	noise	O
396	is	O
396	MAXIMUM	O
396	volume	O
396	every	O
396	time	O
396	.	O
397	Wonderful	O
397	computer	B-aspect
397	,	O
397	horrible	O
397	customer	B-aspect
397	service	I-aspect
397	,	O
397	and	O
397	I	O
397	may	O
397	be	O
397	deaf	O
397	come	O
397	next	O
397	year	O
397	.	O
398	Would	O
398	n't	O
398	buy	O
398	again	O
398	because	O
398	of	O
398	the	O
398	customer	B-aspect
398	service	I-aspect
398	.	O
399	I	O
399	ordered	O
399	this	O
399	monitor	O
399	from	O
399	Amazon	O
399	on	O
399	Thursday	O
399	and	O
399	I	O
399	received	O
399	it	O
399	on	O
399	Monday	O
399	.	O
400	This	O
400	was	O
400	very	O
400	prompt	O
400	standard	O
400	shipping	B-aspect
400	service	I-aspect
400	.	O
401	I	O
401	have	O
401	limited	O
401	space	O
401	with	O
401	not	O
401	enough	O
401	room	O
401	for	O
401	a	O
401	wide	O
401	screen	O
401	monitor	O
401	.	O
402	This	O
402	4	O
402	X	O
402	3	O
402	monitor	O
402	fits	B-aspect
402	my	O
402	space	O
402	very	O
402	well	O
402	.	O
403	The	O
403	monitor	B-aspect
403	works	O
403	very	O
403	well	O
403	with	O
403	a	O
403	sharp	O
403	and	O
403	bright	O
403	display	B-aspect
403	.	O
404	I	O
404	have	O
404	been	O
404	using	O
404	it	O
404	for	O
404	about	O
404	a	O
404	month	O
404	and	O
404	am	O
404	well	O
404	pleased	O
404	with	O
404	it	O
404	.	O
405	The	O
405	only	O
405	negative	O
405	thing	O
405	about	O
405	this	O
405	was	O
405	the	O
405	instructions	B-aspect
405	for	O
405	adjusting	O
405	the	O
405	display	O
405	were	O
405	not	O
405	very	O
405	clear	O
405	and	O
405	it	O
405	took	O
405	a	O
405	little	O
405	time	O
405	to	O
405	figure	O
405	out	O
405	how	O
405	to	O
405	do	O
405	it	O
405	.	O
406	I	O
406	purchased	O
406	this	O
406	as	O
406	a	O
406	Christmas	O
406	gift	O
406	.	O
407	While	O
407	upgrading	O
407	the	O
407	memory	O
407	the	O
407	keyboard	B-aspect
407	connector	I-aspect
407	broke	O
407	.	O
408	Not	O
408	enough	O
408	time	O
408	to	O
408	get	O
408	a	O
408	repair	O
408	before	O
408	Christmas	O
408	,	O
408	so	O
408	I	O
408	bought	O
408	a	O
408	second	O
408	one	O
408	.	O
409	Same	O
409	result	O
409	.	O
410	I	O
410	'm	O
410	not	O
410	very	O
410	happy	O
410	with	O
410	this	O
410	machine	B-aspect
410	or	O
410	Acer	B-aspect
410	.	O
411	Update	O
411	:	O
411	I	O
411	sent	O
411	both	O
411	machines	O
411	back	O
411	to	O
411	Acer	O
411	.	O
412	They	O
412	just	O
412	informed	O
412	me	O
412	that	O
412	they	O
412	wanted	O
412	$	O
412	99\/unit	O
412	to	O
412	fix	O
412	the	O
412	problem	O
412	.	O
413	I	O
413	would	O
413	not	O
413	recommend	O
413	this	O
413	or	O
413	any	O
413	Acer	B-aspect
413	product	I-aspect
413	to	O
413	anyone	O
413	except	O
413	perhaps	O
413	my	O
413	ex	O
413	.	O
414	-LRB-	O
414	\*	O
414	_	O
414	~	O
414	-RRB-	O
415	I	O
415	ca	O
415	n't	O
415	go	O
415	back	O
415	to	O
415	using	O
415	anything	O
415	else	O
415	at	O
415	all	O
415	.	O
416	Make	O
416	sure	O
416	you	O
416	have	O
416	a	O
416	nice	O
416	,	O
416	smooth	O
416	mouse	O
416	,	O
416	as	O
416	well	O
416	a	O
416	rig	O
416	that	O
416	can	O
416	push	O
416	out	O
416	-RRB-	O
416	120	O
416	FPS	O
416	on	O
416	most	O
416	games	O
416	.	O
417	Even	O
417	my	O
417	SLI	O
417	570	O
417	's	O
417	ca	O
417	n't	O
417	do	O
417	that	O
417	for	O
417	Crysis	O
417	,	O
417	though	O
417	.	O
418	Changing	O
418	brightness	B-aspect
418	is	O
418	easy	O
418	,	O
418	with	O
418	four	O
418	presets	O
418	and	O
418	one	O
418	user	O
418	changeable	O
418	-LRB-	O
418	I	O
418	leave	O
418	that	O
418	at	O
418	minimum	O
418	brightness	B-aspect
418	for	O
418	at	O
418	night	O
418	-RRB-	O
418	.	O
419	The	O
419	screen	B-aspect
419	is	O
419	a	O
419	very	O
419	pleasing	O
419	matte	O
419	,	O
419	and	O
419	the	O
419	colors	B-aspect
419	are	O
419	great	O
419	.	O
420	You	O
420	change	O
420	it	O
420	to	O
420	120	O
420	Hz	O
420	in	O
420	the	O
420	advanced	O
420	screen	O
420	resolution	O
420	settings	O
420	in	O
420	Windows	O
420	7	O
420	.	O
421	I	O
421	have	O
421	used	O
421	this	O
421	monitor	B-aspect
421	for	O
421	a	O
421	few	O
421	months	O
421	and	O
421	have	O
421	had	O
421	no	O
421	problems	O
421	.	O
422	It	O
422	has	O
422	good	O
422	color	B-aspect
422	and	O
422	price	B-aspect
422	was	O
422	great	O
422	.	O
423	Fantastic	O
423	display	B-aspect
423	...	O
423	do	O
423	n't	O
423	understand	O
423	why	O
423	this	O
423	model	O
423	is	O
423	n't	O
423	available	O
423	anymore	O
423	.	O
424	Bright	O
424	,	O
424	vivid	O
424	,	O
424	clean	O
424	lines	B-aspect
424	,	O
424	wide	O
424	viewing	B-aspect
424	angle	I-aspect
424	,	O
424	and	O
424	best	O
424	of	O
424	all	O
424	-	O
424	great	O
424	price	B-aspect
424	!	O
425	I	O
425	'd	O
425	been	O
425	looking	O
425	a	O
425	long	O
425	time	O
425	for	O
425	a	O
425	1280x1024	O
425	LCD	O
425	monitor	O
425	with	O
425	with	O
425	digital	O
425	DVI	O
425	input	O
425	for	O
425	around	O
425	1000	O
425	bucks	O
425	.	O
426	A	O
426	simple	O
426	request	O
426	,	O
426	but	O
426	impossible	O
426	to	O
426	fill	O
426	!	O
427	It	O
427	was	O
427	worth	O
427	the	O
427	wait	O
427	because	O
427	AG	B-aspect
427	Neovo	I-aspect
427	's	I-aspect
427	standout	I-aspect
427	17	I-aspect
427	''	I-aspect
427	monitor	I-aspect
427	has	O
427	all	O
427	this	O
427	and	O
427	more	O
427	.	O
428	Like	O
428	a	O
428	hard	O
428	glass	O
428	surface	O
428	that	O
428	you	O
428	can	O
428	actually	O
428	Windex	O
428	,	O
428	and	O
428	an	O
428	attractive	O
428	minimalist	O
428	black	O
428	design	O
428	that	O
428	looks	O
428	like	O
428	it	O
428	came	O
428	from	O
428	a	O
428	Swedish	O
428	furniture	O
428	showcase	O
428	.	O
429	The	O
429	contrast	B-aspect
429	,	O
429	crispness	B-aspect
429	,	O
429	and	O
429	readability	B-aspect
429	from	O
429	even	O
429	the	O
429	most	O
429	extreme	O
429	viewing	B-aspect
429	angles	I-aspect
429	ca	O
429	n't	O
429	be	O
429	beat	O
429	.	O
430	When	O
430	the	O
430	Matrox	O
430	G550	O
430	Dual-DVI	O
430	card	O
430	comes	O
430	out	O
430	,	O
430	I	O
430	'll	O
430	consider	O
430	purchasing	O
430	one	O
430	more	O
430	of	O
430	these	O
430	super	O
430	displays	B-aspect
430	.	O
431	This	O
431	is	O
431	a	O
431	great	O
431	gadget	O
431	that	O
431	actually	O
431	works	O
431	.	O
432	Make	O
432	sure	O
432	you	O
432	check	O
432	the	O
432	area	O
432	coverage	O
432	before	O
432	you	O
432	buy	O
432	it	O
432	,	O
432	though	O
432	.	O
433	We	O
433	've	O
433	had	O
433	ours	O
433	for	O
433	about	O
433	6	O
433	months	O
433	and	O
433	have	O
433	no	O
433	problems	O
433	with	O
433	it	O
433	whatsoever	O
433	.	O
434	Expensive	B-aspect
434	,	O
434	but	O
434	for	O
434	us	O
434	--	O
434	well	O
434	worth	O
434	it	O
434	.	O
435	Now	O
435	I	O
435	do	O
435	n't	O
435	have	O
435	to	O
435	logon	O
435	to	O
435	the	O
435	computer	O
435	all	O
435	of	O
435	the	O
435	time	O
435	just	O
435	to	O
435	check	O
435	the	O
435	weather	O
435	--	O
435	I	O
435	can	O
435	just	O
435	look	O
435	at	O
435	my	O
435	wall	O
435	.	O
436	The	O
436	changing	O
436	colors	B-aspect
436	help	O
436	to	O
436	tell	O
436	,	O
436	with	O
436	a	O
436	quick	O
436	glance	O
436	.	O
437	It	O
437	's	O
437	fairly	O
437	accurate	O
437	--	O
437	I	O
437	think	O
437	...	O
437	with	O
437	a	O
437	very	O
437	few	O
437	minor	O
437	exceptions	O
437	.	O
438	The	O
438	idea	O
438	of	O
438	this	O
438	device	B-aspect
438	is	O
438	great	O
438	:	O
438	it	O
438	picks	O
438	up	O
438	a	O
438	5-day	O
438	weather	O
438	forecast	O
438	from	O
438	AccuWeather	O
438	and	O
438	displays	O
438	the	O
438	key	O
438	elements	O
438	on	O
438	its	O
438	screen	O
438	.	O
439	Icons	O
439	show	O
439	projected	O
439	weather	O
439	conditions	O
439	and	O
439	temperature	O
439	ranges	O
439	at	O
439	a	O
439	glance	O
439	,	O
439	along	O
439	with	O
439	the	O
439	current	O
439	outdoor	O
439	temperature	O
439	.	O
440	Unfortunately	O
440	,	O
440	if	O
440	your	O
440	experience	O
440	is	O
440	like	O
440	mine	O
440	,	O
440	you	O
440	may	O
440	find	O
440	yourself	O
440	spending	O
440	a	O
440	fair	O
440	amount	O
440	of	O
440	time	O
440	corresponding	O
440	with	O
440	Ambient	O
440	's	O
440	apparently	O
440	sole	O
440	customer	O
440	service	O
440	rep	O
440	trying	O
440	to	O
440	get	O
440	the	O
440	device	O
440	to	O
440	work	O
440	properly	O
440	.	O
441	I	O
441	have	O
441	owned	O
441	one	O
441	of	O
441	these	O
441	for	O
441	several	O
441	weeks	O
441	now	O
441	and	O
441	am	O
441	already	O
441	on	O
441	my	O
441	second	O
441	unit	O
441	;	O
441	Ambient	O
441	replaced	O
441	the	O
441	first	O
441	one	O
441	under	O
441	warranty	O
441	after	O
441	first	O
441	sending	O
441	me	O
441	a	O
441	refurbished	O
441	pager	O
441	board	O
441	that	O
441	did	O
441	n't	O
441	fit	O
441	in	O
441	the	O
441	unit	O
441	's	O
441	plastic	O
441	case	O
441	.	O
442	The	O
442	replacement	O
442	unit	O
442	had	O
442	a	O
442	problem	O
442	too	O
442	:	O
442	the	O
442	little	O
442	switch	B-aspect
442	on	O
442	the	O
442	bottom	O
442	was	O
442	n't	O
442	working	O
442	properly	O
442	,	O
442	making	O
442	it	O
442	impossible	O
442	to	O
442	select	O
442	among	O
442	city	O
442	forecasts	O
442	in	O
442	my	O
442	area	O
442	.	O
443	Because	O
443	I	O
443	had	O
443	already	O
443	had	O
443	experience	O
443	-LRB-	O
443	too	O
443	much	O
443	-RRB-	O
443	opening	O
443	the	O
443	case	O
443	,	O
443	I	O
443	think	O
443	I	O
443	managed	O
443	to	O
443	solve	O
443	the	O
443	problem	O
443	;	O
443	at	O
443	any	O
443	rate	O
443	,	O
443	the	O
443	unit	O
443	appears	O
443	to	O
443	be	O
443	receiving	O
443	updated	O
443	forecasts	O
443	for	O
443	New	O
443	York	O
443	City	O
443	,	O
443	which	O
443	has	O
443	been	O
443	my	O
443	primary	O
443	objective	O
443	since	O
443	I	O
443	bought	O
443	it	O
443	.	O
444	So	O
444	if	O
444	you	O
444	're	O
444	game	O
444	for	O
444	a	O
444	little	O
444	fiddling	O
444	,	O
444	you	O
444	may	O
444	be	O
444	very	O
444	pleased	O
444	with	O
444	this	O
444	5-day	B-aspect
444	forecaster	I-aspect
444	.	O
445	If	O
445	you	O
445	ca	O
445	n't	O
445	be	O
445	bothered	O
445	with	O
445	things	O
445	that	O
445	do	O
445	n't	O
445	work	O
445	properly	O
445	right	O
445	out	O
445	of	O
445	the	O
445	box	O
445	,	O
445	however	O
445	,	O
445	you	O
445	should	O
445	probably	O
445	pass	O
445	this	O
445	gadget	O
445	by	O
445	.	O
446	I	O
446	have	O
446	come	O
446	to	O
446	understand	O
446	why	O
446	Radio	O
446	Shack	O
446	has	O
446	apparently	O
446	unloaded	O
446	their	O
446	remaining	O
446	inventory	O
446	of	O
446	these	O
446	at	O
446	$	O
446	15	O
446	a	O
446	pop	O
446	;	O
446	you	O
446	may	O
446	be	O
446	especially	O
446	upset	O
446	by	O
446	the	O
446	``	O
446	adoption	O
446	pains	O
446	''	O
446	if	O
446	you	O
446	have	O
446	shelled	O
446	out	O
446	the	O
446	retail	O
446	price	O
446	of	O
446	100	O
446	clams	O
446	...	O
447	This	O
447	product	B-aspect
447	did	O
447	not	O
447	work	O
447	at	O
447	all	O
447	.	O
448	It	O
448	received	O
448	no	O
448	signal	O
448	despite	O
448	the	O
448	manufacturers	O
448	web	O
448	site	O
448	indicating	O
448	full	O
448	services	O
448	in	O
448	my	O
448	location	O
448	.	O
449	I	O
449	was	O
449	given	O
449	this	O
449	screen	O
449	at	O
449	work	O
449	.	O
450	I	O
450	spend	O
450	10	O
450	hours\/day	O
450	in	O
450	a	O
450	VNC	O
450	session	O
450	with	O
450	dark	O
450	colors	B-aspect
450	;	O
450	the	O
450	colors	B-aspect
450	and	O
450	brightness	B-aspect
450	change	O
450	across	O
450	the	O
450	panel	O
450	when	O
450	I	O
450	look	O
450	from	O
450	the	O
450	center	O
450	to	O
450	the	O
450	corner	O
450	.	O
451	For	O
451	my	O
451	work	O
451	this	O
451	panel	B-aspect
451	is	O
451	unusable	O
451	.	O
452	Others	O
452	may	O
452	have	O
452	better	O
452	luck	O
452	,	O
452	but	O
452	I	O
452	have	O
452	never	O
452	seen	O
452	a	O
452	flat-panel	O
452	with	O
452	such	O
452	horrible	O
452	viewing	B-aspect
452	angles	I-aspect
452	.	O
453	These	O
453	monitors	B-aspect
453	are	O
453	great	O
453	for	O
453	the	O
453	price	B-aspect
453	.	O
454	Shipping	B-aspect
454	was	O
454	fast	O
454	and	O
454	they	O
454	are	O
454	very	O
454	easy	O
454	to	O
454	set	B-aspect
454	up	I-aspect
454	.	O
455	No	O
455	dead	B-aspect
455	pixels	I-aspect
455	on	O
455	mine	O
455	.	O
456	Brightness	B-aspect
456	could	O
456	be	O
456	better	O
456	and	O
456	the	O
456	viewing	B-aspect
456	angle	I-aspect
456	is	O
456	not	O
456	great	O
456	,	O
456	but	O
456	for	O
456	the	O
456	price	B-aspect
456	I	O
456	paid	O
456	for	O
456	a	O
456	24inch	O
456	monitor	O
456	,	O
456	this	O
456	can	O
456	not	O
456	be	O
456	beat	O
456	.	O
457	I	O
457	would	O
457	do	O
457	it	O
457	again	O
457	.	O
458	I	O
458	did	O
458	quite	O
458	a	O
458	lot	O
458	of	O
458	research	O
458	on	O
458	this	O
458	monitor	O
458	prior	O
458	to	O
458	ordering	O
458	.	O
459	Checked	O
459	the	O
459	reviews	O
459	at	O
459	several	O
459	sites	O
459	,	O
459	all	O
459	were	O
459	favorable	O
459	.	O
460	The	O
460	price	B-aspect
460	is	O
460	very	O
460	good	O
460	.	O
461	I	O
461	have	O
461	been	O
461	disappointed	O
461	to	O
461	find	O
461	that	O
461	there	O
461	is	O
461	no	O
461	printed	O
461	instructions	B-aspect
461	with	O
461	it	O
461	,	O
461	just	O
461	a	O
461	crude	O
461	pictorial	O
461	instruction	O
461	of	O
461	installation	O
461	,	O
461	which	O
461	leaves	O
461	a	O
461	great	O
461	deal	O
461	of	O
461	information	O
461	missing	O
461	.	O
462	The	O
462	included	O
462	accompanying	O
462	CD	O
462	containing	O
462	detailed	O
462	information	O
462	does	O
462	not	O
462	want	O
462	to	O
462	print	O
462	out	O
462	on	O
462	my	O
462	computer	O
462	.	O
463	This	O
463	info	O
463	.	O
464	is	O
464	great	O
464	but	O
464	unfortunately	O
464	I	O
464	need	O
464	it	O
464	on	O
464	paper	O
464	.	O
465	However	O
465	,	O
465	I	O
465	now	O
465	have	O
465	it	O
465	running	B-aspect
465	nicely	O
465	and	O
465	it	O
465	produces	O
465	a	O
465	nice	O
465	picture	B-aspect
465	.	O
466	It	O
466	's	O
466	worth	O
466	the	O
466	money	O
466	.	O
467	The	O
467	AOC	O
467	2436	O
467	Monitor	O
467	worked	O
467	very	O
467	well	O
467	at	O
467	first	O
467	,	O
467	then	O
467	seemed	O
467	to	O
467	have	O
467	problems	O
467	.	O
468	AOC	O
468	replaced	O
468	the	O
468	monitor	O
468	-	O
468	almost	O
468	immediately	O
468	,	O
468	but	O
468	it	O
468	displayed	O
468	the	O
468	same	O
468	problems	O
468	.	O
469	The	O
469	problems	O
469	came	O
469	from	O
469	my	O
469	video	B-aspect
469	card	I-aspect
469	.	O
470	The	O
470	monitors	B-aspect
470	were	O
470	both	O
470	good	O
470	.	O
471	We	O
471	are	O
471	well	O
471	pleased	O
471	with	O
471	the	O
471	monitor	B-aspect
471	and	O
471	the	O
471	company	O
471	.	O
472	This	O
472	machine	B-aspect
472	is	O
472	a	O
472	replacement	O
472	for	O
472	your	O
472	desktop	O
472	.	O
473	It	O
473	's	O
473	that	O
473	powerful	O
473	and	O
473	versatile	O
473	,	O
473	and	O
473	if	O
473	you	O
473	're	O
473	a	O
473	windows	O
473	user	O
473	,	O
473	the	O
473	design	O
473	of	O
473	the	O
473	OS	O
473	X	O
473	operating	O
473	system	O
473	that	O
473	it	O
473	runs	O
473	will	O
473	enhance	O
473	your	O
473	experience	O
473	and	O
473	workflow	O
473	in	O
473	ways	O
473	you	O
473	ca	O
473	n't	O
473	even	O
473	imagine	O
473	.	O
474	The	O
474	aluminum	O
474	frame	O
474	beats	O
474	the	O
474	old	O
474	titanium	O
474	design	O
474	easily	O
474	.	O
475	Solid	O
475	,	O
475	resistant	O
475	to	O
475	scratches	O
475	,	O
475	better	O
475	heat	B-aspect
475	dissipation	I-aspect
475	.	O
476	Close	O
476	the	O
476	lid	O
476	,	O
476	then	O
476	slam	O
476	it	O
476	around	O
476	,	O
476	drop	O
476	it	O
476	,	O
476	prop	O
476	it	O
476	against	O
476	the	O
476	wall	O
476	and	O
476	kick	O
476	it	O
476	over	O
476	.	O
477	You	O
477	'll	O
477	break	O
477	your	O
477	foot	O
477	before	O
477	you	O
477	break	O
477	the	O
477	laptop	O
477	.	O
478	The	O
478	display	B-aspect
478	is	O
478	large	O
478	enough	O
478	,	O
478	and	O
478	the	O
478	text	B-aspect
478	rendering	I-aspect
478	is	O
478	sharp	O
478	enough	O
478	,	O
478	that	O
478	you	O
478	'll	O
478	forget	O
478	entirely	O
478	about	O
478	workspace	O
478	issues	O
478	.	O
479	A	O
479	piece	O
479	of	O
479	advice	O
479	:	O
479	Get	O
479	the	O
479	new	O
479	logitech	O
479	optical	O
479	USB	O
479	mouse	O
479	with	O
479	the	O
479	little	O
479	app-switcher	O
479	button	O
479	on	O
479	it	O
479	,	O
479	and	O
479	assign	O
479	that	O
479	extra	O
479	button	O
479	to	O
479	the	O
479	Expose	O
479	feature	O
479	of	O
479	OS	O
479	X	O
479	10.3	O
479	.	O
480	Use	O
480	it	O
480	whenever	O
480	you	O
480	're	O
480	working	O
480	at	O
480	a	O
480	tabletop	O
480	or	O
480	desk	O
480	.	O
481	Freaking	O
481	brilliant	O
481	.	O
482	This	O
482	machine	B-aspect
482	will	O
482	change	O
482	your	O
482	whole	O
482	idea	O
482	of	O
482	what	O
482	a	O
482	laptop	O
482	should	O
482	be	O
482	.	O
483	Ordered	O
483	it	O
483	immediately	O
483	after	O
483	the	O
483	Macworld	O
483	keynote	O
483	.	O
484	It	O
484	's	O
484	so	O
484	small	B-aspect
484	,	O
484	but	O
484	big	O
484	value	B-aspect
484	Mac	O
484	.	O
485	Our	O
485	``	O
485	mini	O
485	''	O
485	is	O
485	now	O
485	in	O
485	the	O
485	living	O
485	room	O
485	attached	O
485	to	O
485	a	O
485	Syntax	O
485	Olevia	O
485	LT30HV	O
485	HDTV	O
485	and	O
485	works	O
485	great	O
485	!	O
486	Highly	O
486	recommend	O
486	getting	O
486	the	O
486	Superdrive	B-aspect
486	and	O
486	the	O
486	WiFi\/Bluetooth	B-aspect
486	modules	I-aspect
486	.	O
487	Apple	O
487	's	O
487	wireless	B-aspect
487	keyboard	I-aspect
487	and	O
487	mouse	B-aspect
487	work	O
487	flawlessly	O
487	with	O
487	the	O
487	mini	O
487	.	O
488	The	O
488	memory	B-aspect
488	is	O
488	not	O
488	really	O
488	hard	O
488	to	O
488	upgrade	O
488	.	O
489	I	O
489	have	O
489	upgraded	O
489	ours	O
489	to	O
489	1	O
489	Gig	O
489	with	O
489	third	O
489	party	O
489	SDRAM	O
489	.	O
490	Opening	O
490	the	O
490	case	O
490	with	O
490	a	O
490	``	O
490	putty	O
490	knife	O
490	''	O
490	is	O
490	not	O
490	as	O
490	hard	O
490	as	O
490	most	O
490	people	O
490	think	O
490	it	O
490	is	O
490	.	O
491	The	O
491	bundled	O
491	iLife	O
491	05	O
491	alone	O
491	elevates	O
491	this	O
491	computer	O
491	from	O
491	bargain	O
491	PCs	O
491	.	O
492	This	O
492	is	O
492	an	O
492	excellent	O
492	value	B-aspect
492	.	O
493	Not	O
493	that	O
493	Apple	O
493	computers	O
493	break	O
493	down	O
493	often	O
493	but	O
493	this	O
493	is	O
493	cheap	O
493	insurance	B-aspect
493	for	O
493	3	O
493	years	O
493	.	O
494	Do	O
494	n't	O
494	buy	O
494	a	O
494	laptop	O
494	or	O
494	desktop	O
494	without	O
494	it	O
494	.	O
495	I	O
495	have	O
495	this	O
495	connected	O
495	to	O
495	my	O
495	late	O
495	2008	O
495	MacBook	O
495	Pro	O
495	,	O
495	and	O
495	it	O
495	works	B-aspect
495	flawlessly	O
495	.	O
496	Numerous	O
496	people	O
496	in	O
496	the	O
496	Apple	O
496	Forums	O
496	had	O
496	previously	O
496	complained	O
496	saying	O
496	the	O
496	Apple	O
496	Displays	O
496	had	O
496	sound	O
496	issues	O
496	-LRB-	O
496	end	O
496	up	O
496	being	O
496	due	O
496	to	O
496	not	O
496	upgrading	O
496	the	O
496	firmware	O
496	to	O
496	current	O
496	-RRB-	O
496	,	O
496	but	O
496	I	O
496	did	O
496	not	O
496	have	O
496	any	O
496	such	O
496	issues	O
496	.	O
497	-LRB-	O
497	I	O
497	am	O
497	running	O
497	OS\/X	O
497	Lion	O
497	and	O
497	I	O
497	seem	O
497	to	O
497	have	O
497	the	O
497	current	O
497	firmware	O
497	in	O
497	the	O
497	display	O
497	,	O
497	and	O
497	the	O
497	latest	O
497	drivers	O
497	on	O
497	OS\/X	O
497	Lion	O
497	-RRB-	O
497	Compared	O
497	to	O
497	the	O
497	old	O
497	15	O
497	''	O
497	display	O
497	,	O
497	it	O
497	is	O
497	like	O
497	watching	O
497	IMAX	O
497	in	O
497	comparison	O
497	.	O
498	The	O
498	sound	B-aspect
498	is	O
498	pretty	O
498	good	O
498	also	O
498	-LRB-	O
498	although	O
498	not	O
498	anything	O
498	like	O
498	a	O
498	5.1	O
498	surround	O
498	system	O
498	-RRB-	O
498	There	O
498	is	O
498	reflection	O
498	,	O
498	but	O
498	I	O
498	only	O
498	really	O
498	notice	O
498	it	O
498	when	O
498	the	O
498	display	O
498	is	O
498	off	O
498	,	O
498	in	O
498	which	O
498	case	O
498	you	O
498	see	O
498	you	O
498	own	O
498	reflection	O
498	on	O
498	the	O
498	screen	O
498	.	O
499	I	O
499	do	O
499	n't	O
499	get	O
499	any	O
499	anything	O
499	reflections	O
499	when	O
499	the	O
499	power	O
499	is	O
499	on	O
499	.	O
500	Note	O
500	there	O
500	is	O
500	no	O
500	power	O
500	switch	O
500	-	O
500	it	O
500	just	O
500	detects	O
500	that	O
500	your	O
500	computer	O
500	is	O
500	on	O
500	by	O
500	monitoring	O
500	the	O
500	Apple	O
500	display-port	O
500	signals	O
500	.	O
501	Some	O
501	people	O
501	may	O
501	not	O
501	like	O
501	this	O
501	,	O
501	but	O
501	it	O
501	is	O
501	very	O
501	simple	O
501	.	O
502	I	O
502	'd	O
502	only	O
502	recommend	O
502	you	O
502	buying	O
502	this	O
502	if	O
502	you	O
502	're	O
502	more	O
502	DIY\/techie	O
502	and	O
502	'd	O
502	like	O
502	to	O
502	take	O
502	the	O
502	time	O
502	and	O
502	effort	O
502	to	O
502	pry	O
502	your	O
502	mini	O
502	open	O
502	to	O
502	see	O
502	its	O
502	guts	O
502	and	O
502	put	O
502	this	O
502	in	O
502	.	O
503	There	O
503	are	O
503	numerous	O
503	detailed	O
503	installation	O
503	guides	O
503	and	O
503	even	O
503	a	O
503	few	O
503	videos	O
503	online	O
503	to	O
503	get	O
503	you	O
503	through	O
503	the	O
503	`	O
503	cracking	O
503	the	O
503	case	O
503	'	O
503	scenario	O
503	and	O
503	I	O
503	definately	O
503	suggest	O
503	getting	O
503	some	O
503	putty	O
503	knives	O
503	over	O
503	the	O
503	other	O
503	strange	O
503	techniques	O
503	online	O
503	.	O
504	As	O
504	a	O
504	longtime	O
504	Mac	O
504	user	O
504	-	O
504	I	O
504	have	O
504	always	O
504	taken	O
504	the	O
504	AppleCare	O
504	extended	O
504	warranty	O
504	and	O
504	have	O
504	had	O
504	my	O
504	money	O
504	's	O
504	worth	O
504	.	O
505	Once	O
505	I	O
505	bought	O
505	an	O
505	iSight	O
505	camera	O
505	on	O
505	eBay	O
505	that	O
505	arrived	O
505	not	O
505	working	O
505	,	O
505	and	O
505	after	O
505	trying	O
505	unsuccessfully	O
505	contacting	O
505	the	O
505	seller	O
505	turned	O
505	to	O
505	Apple	O
505	telephone	O
505	support	O
505	.	O
506	They	O
506	guided	O
506	me	O
506	through	O
506	some	O
506	tests	O
506	and	O
506	from	O
506	these	O
506	concluded	O
506	that	O
506	I	O
506	had	O
506	a	O
506	faulty	O
506	iSight	O
506	,	O
506	but	O
506	to	O
506	my	O
506	my	O
506	enormous	O
506	surprise	O
506	said	O
506	it	O
506	was	O
506	covered	O
506	under	O
506	my	O
506	extended	O
506	AppleCare	O
506	warranty	O
506	on	O
506	my	O
506	iMac	O
506	-LRB-	O
506	even	O
506	after	O
506	I	O
506	told	O
506	them	O
506	it	O
506	was	O
506	a	O
506	second	O
506	hand	O
506	purchase	O
506	-RRB-	O
506	,	O
506	and	O
506	promptly	O
506	sent	O
506	me	O
506	a	O
506	brand	O
506	new	O
506	replacement	O
506	!	O
507	Kudos	O
507	Apple	O
507	-	O
507	though	O
507	your	O
507	products	O
507	are	O
507	of	O
507	superb	O
507	quality	O
507	,	O
507	your	O
507	support	B-aspect
507	is	O
507	equal	O
507	to	O
507	that	O
507	.	O
508	This	O
508	product	B-aspect
508	is	O
508	definitely	O
508	worth	O
508	the	O
508	purchase	O
508	.	O
509	While	O
509	it	O
509	is	O
509	unknown	O
509	whether	O
509	I	O
509	will	O
509	need	O
509	it	O
509	or	O
509	not	O
509	,	O
509	there	O
509	is	O
509	one	O
509	thing	O
509	I	O
509	have	O
509	realized	O
509	when	O
509	it	O
509	comes	O
509	to	O
509	Apple	O
509	.	O
510	Their	O
510	products	O
510	are	O
510	super	O
510	expensive	B-aspect
510	,	O
510	especially	O
510	to	O
510	get	O
510	them	O
510	fixed	O
510	.	O
511	However	O
511	,	O
511	you	O
511	DO	O
511	get	O
511	what	O
511	you	O
511	pay	O
511	for	O
511	in	O
511	reliable	O
511	products	B-aspect
511	.	O
512	I	O
512	have	O
512	been	O
512	using	O
512	my	O
512	MacbookPro	O
512	for	O
512	over	O
512	a	O
512	year	O
512	now	O
512	with	O
512	no	O
512	sluggishness	O
512	or	O
512	hesitation	O
512	.	O
513	I	O
513	do	O
513	n't	O
513	for-see	O
513	myself	O
513	having	O
513	any	O
513	issues	O
513	with	O
513	it	O
513	in	O
513	the	O
513	coming	O
513	year	O
513	or	O
513	two	O
513	however	O
513	if	O
513	I	O
513	do	O
513	,	O
513	I	O
513	will	O
513	know	O
513	that	O
513	with	O
513	this	O
513	product	O
513	,	O
513	it	O
513	will	O
513	be	O
513	taken	O
513	care	O
513	of	O
513	for	O
513	free	O
513	and	O
513	quick	O
513	with	O
513	helpful	O
513	and	O
513	courteous	O
513	customer	B-aspect
513	service	I-aspect
513	reps.	I-aspect
513	The	O
513	service	O
513	of	O
513	Amazon	O
513	in	O
513	getting	O
513	this	O
513	item	O
513	to	O
513	me	O
513	was	O
513	faster	O
513	than	O
513	I	O
513	expected	O
513	and	O
513	it	O
513	is	O
513	exactly	O
513	what	O
513	I	O
513	knew	O
513	it	O
513	would	O
513	be	O
513	.	O
514	The	O
514	package	O
514	was	O
514	unblemished	O
514	and	O
514	the	O
514	code	O
514	worked	O
514	without	O
514	any	O
514	problems	O
514	.	O
515	Two	O
515	thumbs	O
515	way	O
515	up	O
515	from	O
515	me	O
515	.	O
516	Thanks	O
516	again	O
516	,	O
516	Amazon	O
516	!	O
517	You	O
517	have	O
517	never	O
517	let	O
517	me	O
517	down	O
517	.	O
518	After	O
518	several	O
518	months	O
518	of	O
518	debating	O
518	whether	O
518	or	O
518	not	O
518	it	O
518	was	O
518	worth	O
518	the	O
518	money	O
518	,	O
518	I	O
518	finally	O
518	bought	O
518	one	O
518	of	O
518	these	O
518	babies	O
518	.	O
519	I	O
519	hesitated	O
519	for	O
519	so	O
519	long	O
519	because	O
519	of	O
519	the	O
519	price	B-aspect
519	.	O
520	I	O
520	came	O
520	close	O
520	to	O
520	ordering	O
520	the	O
520	21	O
520	''	O
520	Samsung	O
520	several	O
520	times	O
520	but	O
520	really	O
520	wanted	O
520	a	O
520	WS	O
520	.	O
521	After	O
521	seeing	O
521	the	O
521	in	O
521	the	O
521	Apple	O
521	stores	O
521	several	O
521	times	O
521	,	O
521	I	O
521	really	O
521	wanted	O
521	one	O
521	but	O
521	$	O
521	1300	O
521	was	O
521	a	O
521	big	O
521	chunk	O
521	of	O
521	change	O
521	.	O
522	Then	O
522	when	O
522	the	O
522	price	O
522	dropped	O
522	to	O
522	below	O
522	$	O
522	1000	O
522	I	O
522	gave	O
522	in	O
522	.	O
523	Overall	O
523	,	O
523	it	O
523	is	O
523	an	O
523	impressive	O
523	display	B-aspect
523	.	O
524	I	O
524	am	O
524	running	O
524	it	O
524	with	O
524	a	O
524	custom	O
524	built	O
524	PC	O
524	using	O
524	an	O
524	ATI	O
524	9700	O
524	Pro	O
524	w\/DVI	O
524	out	O
524	.	O
525	At	O
525	first	O
525	I	O
525	could	O
525	not	O
525	get	O
525	the	O
525	thing	O
525	to	O
525	work	O
525	at	O
525	native	O
525	resolution	O
525	at	O
525	all	O
525	and	O
525	any	O
525	other	O
525	res	O
525	would	O
525	produce	O
525	strange	O
525	results	O
525	.	O
526	Eventually	O
526	,	O
526	I	O
526	discovered	O
526	that	O
526	something	O
526	was	O
526	wrong	O
526	with	O
526	my	O
526	display	O
526	drivers	O
526	and	O
526	I	O
526	simply	O
526	wiped	O
526	out	O
526	windows	O
526	and	O
526	started	O
526	over	O
526	from	O
526	scratch	O
526	-LRB-	O
526	had	O
526	been	O
526	meaning	O
526	to	O
526	do	O
526	it	O
526	anyway	O
526	and	O
526	I	O
526	upgraded	O
526	the	O
526	HD	O
526	at	O
526	the	O
526	same	O
526	time	O
526	-RRB-	O
526	.	O
527	After	O
527	that	O
527	,	O
527	it	O
527	worked	O
527	like	O
527	a	O
527	champ	O
527	.	O
528	No	O
528	problems	O
528	whatsoever	O
528	.	O
529	My	O
529	only	O
529	grips	O
529	are	O
529	the	O
529	incompatibility	B-aspect
529	with	O
529	XP	O
529	and	O
529	the	O
529	USB	O
529	hub	O
529	in	O
529	the	O
529	display	O
529	.	O
530	This	O
530	is	O
530	a	O
530	well	O
530	know	O
530	problem	O
530	with	O
530	the	O
530	PCs	O
530	and	O
530	Apple	O
530	does	O
530	not	O
530	seem	O
530	to	O
530	care	O
530	.	O
531	Also	O
531	,	O
531	the	O
531	only	O
531	hard	O
531	button	O
531	controls	O
531	you	O
531	get	O
531	are	O
531	brightness	O
531	and	O
531	contrast	O
531	.	O
